-- phpMyAdmin SQL Dump
-- version 2.10.2
-- http://www.phpmyadmin.net
-- 
-- Host: localhost
-- Generation Time: Nov 14, 2011 at 11:55 AM
-- Server version: 5.0.45
-- PHP Version: 5.2.3

SET SQL_MODE="NO_AUTO_VALUE_ON_ZERO";

-- 
-- Database: `bakeryshop`
-- 

-- --------------------------------------------------------

-- 
-- Table structure for table `admin`
-- 

CREATE TABLE `admin` (
  `IDAd` int(11) NOT NULL auto_increment,
  `LevelAD` int(1) NOT NULL,
  `UserAd` varchar(25) NOT NULL,
  `PassAd` varchar(32) NOT NULL,
  `NameAd` varchar(30) NOT NULL,
  `PhoneAd` varchar(20) NOT NULL,
  `EmailAd` varchar(50) NOT NULL,
  `StatusAd` tinyint(1) NOT NULL default '1',
  PRIMARY KEY  (`IDAd`)
) ENGINE=MyISAM  DEFAULT CHARSET=utf8 AUTO_INCREMENT=19 ;

-- 
-- Dumping data for table `admin`
-- 

INSERT INTO `admin` VALUES (11, 2, 'laithanhchung', '2fa9c55fb68d72465ba1c9aa4e38529d', 'Lại Thanh Chung', '01687238382', 'bk.hoccoi@gmail.com', 1);
INSERT INTO `admin` VALUES (1, 1, 'nguyenphungduong', '4b1686d7e1a0f454b2159b3c996db3c7', 'nguyen phung duong', '0982269250', 'ajdfjasdf@gmail.com', 1);
INSERT INTO `admin` VALUES (18, 2, 'nguyenthilien', 'deaaa0c598c3808dfe4018e253591237', 'Nguyễn Thị Liên', '0982123456', 'adsdf@gmail.com', 1);

-- --------------------------------------------------------

-- 
-- Table structure for table `adminfunction`
-- 

CREATE TABLE `adminfunction` (
  `IDAd` int(11) NOT NULL,
  `FID` int(11) NOT NULL
) ENGINE=MyISAM DEFAULT CHARSET=utf8;

-- 
-- Dumping data for table `adminfunction`
-- 

INSERT INTO `adminfunction` VALUES (18, 2);
INSERT INTO `adminfunction` VALUES (18, 3);
INSERT INTO `adminfunction` VALUES (11, 1);
INSERT INTO `adminfunction` VALUES (11, 6);
INSERT INTO `adminfunction` VALUES (0, 1);
INSERT INTO `adminfunction` VALUES (11, 4);

-- --------------------------------------------------------

-- 
-- Table structure for table `category`
-- 

CREATE TABLE `category` (
  `CateID` int(11) NOT NULL auto_increment,
  `CateName` varchar(30) NOT NULL,
  `CateStatus` tinyint(4) NOT NULL default '1',
  PRIMARY KEY  (`CateID`),
  FULLTEXT KEY `CateName` (`CateName`)
) ENGINE=MyISAM  DEFAULT CHARSET=utf8 AUTO_INCREMENT=13 ;

-- 
-- Dumping data for table `category`
-- 

INSERT INTO `category` VALUES (7, 'Wedding Cake2', 1);
INSERT INTO `category` VALUES (8, 'BirthDay Cakes', 1);
INSERT INTO `category` VALUES (9, 'Funny Cakes', 1);
INSERT INTO `category` VALUES (10, 'Special Cakes', 1);
INSERT INTO `category` VALUES (11, 'Normal Cakes1', 1);

-- --------------------------------------------------------

-- 
-- Table structure for table `comment`
-- 

CREATE TABLE `comment` (
  `ComID` int(11) NOT NULL auto_increment,
  `CusID` int(11) NOT NULL,
  `ProID` int(11) NOT NULL,
  `DateSend` datetime NOT NULL,
  `Content` text,
  `Status` tinyint(4) NOT NULL default '1',
  PRIMARY KEY  (`ComID`)
) ENGINE=MyISAM  DEFAULT CHARSET=utf8 AUTO_INCREMENT=565 ;

-- 
-- Dumping data for table `comment`
-- 

INSERT INTO `comment` VALUES (542, 17, 24, '2011-03-07 12:45:26', 'Quá ngon', 1);
INSERT INTO `comment` VALUES (543, 17, 24, '2011-03-07 12:49:22', 'Test', 1);
INSERT INTO `comment` VALUES (544, 17, 27, '2011-03-07 13:06:49', 'Không thể cưỡng lại !', 0);
INSERT INTO `comment` VALUES (549, 17, 29, '2011-03-07 18:32:23', 'Admin Test', 0);
INSERT INTO `comment` VALUES (550, 19, 49, '2011-03-12 03:13:31', 'Ôi trời, sao nhìn chiếc bánh lại ngon thế này =p~', 1);
INSERT INTO `comment` VALUES (551, 19, 57, '2011-03-12 03:13:58', 'Ha .. ha nhìn chúng thật đặc biệt phải không nào ', 1);
INSERT INTO `comment` VALUES (552, 19, 27, '2011-03-12 03:14:24', 'Tiếc quá, mình chưa có cơ hội để thưởng thức chúng', 1);
INSERT INTO `comment` VALUES (553, 19, 46, '2011-03-12 03:14:39', 'Love it ♥', 1);
INSERT INTO `comment` VALUES (554, 20, 46, '2011-03-12 03:18:37', 'Nhìn chẳng ngon chút nào !', 1);
INSERT INTO `comment` VALUES (555, 21, 46, '2011-09-14 13:47:10', 'banh nay khong ngon lam\r\n', 1);
INSERT INTO `comment` VALUES (556, 18, 57, '2011-11-02 17:30:47', 'hay 123', 1);
INSERT INTO `comment` VALUES (557, 18, 57, '2011-11-02 17:35:21', 'Hello day', 1);
INSERT INTO `comment` VALUES (558, 18, 57, '2011-11-02 17:35:33', '12345678', 1);
INSERT INTO `comment` VALUES (559, 18, 33, '2011-11-03 14:20:34', 'bánh rẻ, ngon', 1);
INSERT INTO `comment` VALUES (560, 18, 45, '2011-11-14 04:00:45', '', 1);
INSERT INTO `comment` VALUES (561, 18, 46, '2011-11-14 04:02:28', 'Đáng yêu quá ^^ ', 1);
INSERT INTO `comment` VALUES (562, 18, 39, '2011-11-14 11:19:34', 'Bánh này ngon tuyệt, các bạn đã thử chưa\r\n', 1);
INSERT INTO `comment` VALUES (563, 18, 39, '2011-11-14 11:22:00', 'Mình đã thử qua bánh này rồi, mua tặng bạn gái, cô ấy thích lăm ^^', 1);
INSERT INTO `comment` VALUES (564, 19, 39, '2011-11-14 11:24:07', 'mình cũng đã nếm bánh này rồi, ngon lắm các bạn ạ :D', 1);

-- --------------------------------------------------------

-- 
-- Table structure for table `counselors`
-- 

CREATE TABLE `counselors` (
  `conID` int(11) NOT NULL auto_increment,
  `conName` varchar(30) NOT NULL,
  `conPhone` varchar(15) NOT NULL,
  `conYahoo` varchar(50) NOT NULL,
  `conStatus` tinyint(1) NOT NULL default '1',
  PRIMARY KEY  (`conID`)
) ENGINE=MyISAM  DEFAULT CHARSET=utf8 AUTO_INCREMENT=8 ;

-- 
-- Dumping data for table `counselors`
-- 

INSERT INTO `counselors` VALUES (1, 'Nguyễn Phùng Dương', '0982 269 250', 'fly_to_the_sky08_with_me', 1);
INSERT INTO `counselors` VALUES (2, 'Phạm Hồng Hải', '01668 475 318', 'greenflight_hero', 1);
INSERT INTO `counselors` VALUES (3, 'Nguyễn Thị Liên', '01649 803 126', 'chiecmudo12', 1);
INSERT INTO `counselors` VALUES (6, 'Lại Thanh Chung', '01687 238 382', 'h0cc0i', 1);
INSERT INTO `counselors` VALUES (7, 'Phạm Văn Khương', '01656 123 575', 'pvk.itbk', 1);

-- --------------------------------------------------------

-- 
-- Table structure for table `customer`
-- 

CREATE TABLE `customer` (
  `CusID` int(11) NOT NULL auto_increment,
  `CusUser` varchar(25) NOT NULL,
  `CusPass` varchar(32) NOT NULL,
  `CusName` varchar(50) NOT NULL,
  `CusPhone` varchar(30) default NULL,
  `CusAdd` varchar(255) NOT NULL,
  `CusEmail` varchar(50) NOT NULL,
  `CusGender` tinyint(4) NOT NULL default '1',
  `CusQues` tinyint(4) NOT NULL,
  `CusAns` varchar(250) NOT NULL,
  `CusStatus` tinyint(4) NOT NULL default '1',
  `CusImage` varchar(100) default 'default.png',
  PRIMARY KEY  (`CusID`),
  UNIQUE KEY `CusUser` (`CusUser`),
  UNIQUE KEY `CusEmail` (`CusEmail`)
) ENGINE=MyISAM  DEFAULT CHARSET=utf8 AUTO_INCREMENT=23 ;

-- 
-- Dumping data for table `customer`
-- 

INSERT INTO `customer` VALUES (17, 'admin', 'e10adc3949ba59abbe56e057f20f883e', 'Nguyễn Văn Long', '01656093818', 'Ha Noi', 'admin@yahoo.com', 1, 1, 'chua', 1, 'number17.jpg');
INSERT INTO `customer` VALUES (18, 'duongnguyen', '45df7c04f41e36c8863f2ba4e34a1b7e', 'Nguyen Phung Duong', '01228203523', 'Dai La - HBT - HN', 'duongnguyendesigner@gmail.com', 1, 1, 'chua', 1, '302608_166892400072279_100002545615857_312443_1968190544_n.jpg');
INSERT INTO `customer` VALUES (19, 'number17', '5c8800ef02885e107bdc1fecd456cf1f', 'Nguyễn Văn Long', '01656093818', 'Hà Nội', 'number17@yahoo.com', 1, 1, 'chưa', 1, '200961513326862.gif');
INSERT INTO `customer` VALUES (20, 'kephahoai', 'e10adc3949ba59abbe56e057f20f883e', 'Kẻ Phá Hoại', '0945789266', 'Bí mật', 'kephahoai@yahoo.com', 1, 1, 'rat nhieu', 0, 'user752232_pic908575_1293954785.jpg');
INSERT INTO `customer` VALUES (21, 'qazaqaz', '45df7c04f41e36c8863f2ba4e34a1b7e', 'Dung khoc ma', '0982123456', 'HN', 'sdfgdgf@gmail.com', 1, 1, 'deo co', 1, '1.jpg');
INSERT INTO `customer` VALUES (22, '123456789', '25f9e794323b453885f5181f1b624d0b', 'duong nguyen', '0982269250', 'HN', 'jkafkjsdf@gmail.com', 1, 1, 'co', 1, 'default.png');

-- --------------------------------------------------------

-- 
-- Table structure for table `function`
-- 

CREATE TABLE `function` (
  `FID` int(11) NOT NULL,
  `FName` varchar(100) NOT NULL,
  PRIMARY KEY  (`FID`)
) ENGINE=MyISAM DEFAULT CHARSET=utf8;

-- 
-- Dumping data for table `function`
-- 

INSERT INTO `function` VALUES (1, 'Quản lý Bánh');
INSERT INTO `function` VALUES (2, 'Quản lý Hóa đơn');
INSERT INTO `function` VALUES (3, 'Quản lý khách hàng');
INSERT INTO `function` VALUES (4, 'Quản lý tin tức, tin khuyến mãi');
INSERT INTO `function` VALUES (5, 'Quản lý ý kiến khách hàng');
INSERT INTO `function` VALUES (6, 'Quản lý mẹo vặt, hướng dẫn');

-- --------------------------------------------------------

-- 
-- Table structure for table `images`
-- 

CREATE TABLE `images` (
  `imgID` int(11) NOT NULL auto_increment,
  `imgUrl` varchar(255) NOT NULL,
  `imgName` varchar(255) NOT NULL,
  PRIMARY KEY  (`imgID`)
) ENGINE=MyISAM  DEFAULT CHARSET=utf8 AUTO_INCREMENT=9 ;

-- 
-- Dumping data for table `images`
-- 


-- --------------------------------------------------------

-- 
-- Table structure for table `leadings`
-- 

CREATE TABLE `leadings` (
  `LeadID` tinyint(4) NOT NULL auto_increment,
  `LeadName` varchar(225) NOT NULL,
  `LeadNote` varchar(500) NOT NULL,
  `LeadContent` longtext NOT NULL,
  `LeadImage` varchar(100) default NULL,
  `LeadVideo` varchar(100) default NULL,
  `LeadStatus` tinyint(4) NOT NULL default '1',
  PRIMARY KEY  (`LeadID`)
) ENGINE=MyISAM  DEFAULT CHARSET=utf8 AUTO_INCREMENT=11 ;

-- 
-- Dumping data for table `leadings`
-- 

INSERT INTO `leadings` VALUES (4, 'Mẫu hoa trang trí tường làm từ lõi giấy', 'Chúng mình vừa tiết kiệm lại vừa bảo vệ môi trường nhé! ', '<p class="sapo">\r\n	&nbsp;</p>\r\n<div class="content">\r\n	<table border="0" cellpadding="0" cellspacing="0" width="100%">\r\n		<tbody>\r\n			<tr>\r\n				<td align="left" style="padding-left: 3px;" width="100%">\r\n					&nbsp;</td>\r\n			</tr>\r\n			<tr>\r\n				<td align="left" width="100%">\r\n					<table border="0" cellpadding="0" cellspacing="0" width="100%">\r\n						<tbody>\r\n						</tbody>\r\n					</table>\r\n				</td>\r\n			</tr>\r\n			<tr>\r\n				<td align="left" style="padding-left: 3px;" width="100%">\r\n					<div>\r\n						<u><strong><span style="font-family: Arial; color: rgb(0, 0, 0); font-size: 12px; font-weight: bold; text-decoration: underline;">Chuẩn bị những đạo cụ n&agrave;y nh&eacute;:</span></strong></u></div>\r\n					<div>\r\n						&nbsp;</div>\r\n				</td>\r\n			</tr>\r\n			<tr>\r\n				<td align="left" width="100%">\r\n					<table border="0" cellpadding="0" cellspacing="0" width="100%">\r\n						<tbody>\r\n							<tr>\r\n								<td style="padding-left: 15px; font-family: Arial; color: rgb(51, 51, 51); font-size: 12px;" valign="top">\r\n									<table align="left" cellspacing="0">\r\n										<tbody>\r\n											<tr>\r\n												<td style="padding-right: 15px;" valign="top">\r\n													<div>\r\n														<strong><span style="font-style: italic; font-family: Times New Roman; color: rgb(0, 0, 205); font-size: 12pt; font-weight: bold;">- L&otilde;i giấy vệ sinh</span></strong></div>\r\n													<div>\r\n														<strong><span style="font-style: italic; font-family: Times New Roman; color: rgb(0, 0, 205); font-size: 12pt; font-weight: bold;">- Giấy m&agrave;u, k&eacute;o, keo</span></strong></div>\r\n													<div>\r\n														&nbsp;</div>\r\n													<div>\r\n														&nbsp;</div>\r\n												</td>\r\n											</tr>\r\n										</tbody>\r\n									</table>\r\n								</td>\r\n							</tr>\r\n						</tbody>\r\n					</table>\r\n				</td>\r\n			</tr>\r\n			<tr>\r\n				<td align="left" style="padding-left: 3px;" width="100%">\r\n					<div>\r\n						<u><strong><span style="font-family: Arial; color: rgb(0, 0, 0); font-size: 12px; font-weight: bold; text-decoration: underline;">Đến phần h&agrave;nh động n&agrave;y: &gt;:D&lt;</span></strong></u></div>\r\n					<div>\r\n						&nbsp;</div>\r\n					<div>\r\n						&nbsp;</div>\r\n				</td>\r\n			</tr>\r\n			<tr>\r\n				<td align="left" width="100%">\r\n					<table border="0" cellpadding="0" cellspacing="10" width="100%">\r\n						<tbody>\r\n							<tr>\r\n								<td style="padding-left: 15px; font-family: Arial; color: rgb(51, 51, 51); font-size: 12px;" valign="top">\r\n									<table align="left" cellspacing="0">\r\n										<tbody>\r\n											<tr>\r\n												<td style="padding-right: 15px;" valign="top">\r\n													<div>\r\n														<u><strong><img src="http://k14.vcmedia.vn/Images/Uploaded/Share/2011/2/27/2245/20110227mbthoagiay12.JPG" style="border: 1px solid rgb(0, 0, 0);" /></strong></u></div>\r\n													<div>\r\n														&nbsp;</div>\r\n													<div>\r\n														&nbsp;</div>\r\n												</td>\r\n											</tr>\r\n										</tbody>\r\n									</table>\r\n									<div align="justify">\r\n										<u><strong><span style="font-family: Times New Roman; font-size: 12pt; font-weight: bold; text-decoration: underline;">Bước 1:</span></strong></u></div>\r\n									<div align="justify">\r\n										&nbsp;</div>\r\n									<div align="justify">\r\n										<strong><span style="font-style: italic; font-family: Times New Roman; font-size: 12pt;">- Cắt l&otilde;i giấy vệ sinh th&agrave;nh 5 phần bằng nhau r&ugrave;i b&oacute;p nhẹ tạo độ mềm như c&aacute;nh hoa n&agrave;y.</span></strong></div>\r\n								</td>\r\n							</tr>\r\n							<tr>\r\n								<td style="padding-left: 15px; font-family: Arial; color: rgb(51, 51, 51); font-size: 12px;" valign="top">\r\n									<table align="left" cellspacing="0">\r\n										<tbody>\r\n											<tr>\r\n												<td style="padding-right: 15px;" valign="top">\r\n													<div>\r\n														<u><strong><img src="http://k14.vcmedia.vn/Images/Uploaded/Share/2011/2/27/2245/20110227mbthoagiay22.JPG" style="border: 1px solid rgb(0, 0, 0);" /></strong></u></div>\r\n													<div>\r\n														&nbsp;</div>\r\n													<div>\r\n														&nbsp;</div>\r\n												</td>\r\n											</tr>\r\n										</tbody>\r\n									</table>\r\n									<div align="justify">\r\n										<u><strong><span style="font-family: Times New Roman; font-size: 12pt; font-weight: bold; text-decoration: underline;">Bước 2:</span></strong></u></div>\r\n									<div align="justify">\r\n										&nbsp;</div>\r\n									<div align="justify">\r\n										<strong><span style="font-style: italic; font-family: Times New Roman; font-size: 12pt;">-&nbsp;Sau&nbsp;đ&oacute;,&nbsp;d&ugrave;ng keo nến gắn cố định 5 c&aacute;nh lại với nhau nha!</span></strong></div>\r\n								</td>\r\n							</tr>\r\n							<tr>\r\n								<td style="padding-left: 15px; font-family: Arial; color: rgb(51, 51, 51); font-size: 12px;" valign="top">\r\n									<table align="left" cellspacing="0">\r\n										<tbody>\r\n											<tr>\r\n												<td style="padding-right: 15px;" valign="top">\r\n													<div>\r\n														<u><strong><img src="http://k14.vcmedia.vn/Images/Uploaded/Share/2011/2/27/2245/20110227mbthoagiay32.JPG" style="border: 1px solid rgb(0, 0, 0);" /></strong></u></div>\r\n													<div>\r\n														&nbsp;</div>\r\n													<div>\r\n														&nbsp;</div>\r\n												</td>\r\n											</tr>\r\n										</tbody>\r\n									</table>\r\n									<div align="justify">\r\n										<u><strong><span style="font-family: Times New Roman; font-size: 12pt; font-weight: bold; text-decoration: underline;">Bước 3:</span></strong></u></div>\r\n									<div align="justify">\r\n										&nbsp;</div>\r\n									<div align="justify">\r\n										<strong><span style="font-style: italic; font-family: Times New Roman; font-size: 12pt;">- Tiếp theo, cắt giấy m&agrave;u th&agrave;nh c&aacute;nh hoa sao cho mỗi chiếc c&aacute;nh c&oacute; k&iacute;ch thước &uacute;p vừa tr&ecirc;n l&otilde;i c&aacute;nh hoa vừa l&agrave;m ở tr&ecirc;n.</span></strong></div>\r\n								</td>\r\n							</tr>\r\n							<tr>\r\n								<td style="padding-left: 15px; font-family: Arial; color: rgb(51, 51, 51); font-size: 12px;" valign="top">\r\n									<table align="left" cellspacing="0">\r\n										<tbody>\r\n											<tr>\r\n												<td style="padding-right: 15px;" valign="top">\r\n													<div>\r\n														<u><strong><img src="http://k14.vcmedia.vn/Images/Uploaded/Share/2011/2/27/2245/20110227mbthoagiay42.JPG" style="border: 1px solid rgb(0, 0, 0);" /></strong></u></div>\r\n													<div>\r\n														&nbsp;</div>\r\n													<div>\r\n														&nbsp;</div>\r\n												</td>\r\n											</tr>\r\n										</tbody>\r\n									</table>\r\n									<div align="justify">\r\n										<u><strong><span style="font-family: Times New Roman; font-size: 12pt; font-weight: bold; text-decoration: underline;">Bước 4:</span></strong></u></div>\r\n									<div align="justify">\r\n										&nbsp;</div>\r\n									<div align="justify">\r\n										<strong><span style="font-style: italic; font-family: Times New Roman; font-size: 12pt;">- D&ugrave;ng c&aacute;nh tay b&oacute;p nhẹ tạo độ phồng cho c&aacute;nh hoa.</span></strong></div>\r\n								</td>\r\n							</tr>\r\n							<tr>\r\n								<td style="padding-left: 15px; font-family: Arial; color: rgb(51, 51, 51); font-size: 12px;" valign="top">\r\n									<table align="left" cellspacing="0">\r\n										<tbody>\r\n											<tr>\r\n												<td style="padding-right: 15px;" valign="top">\r\n													<div>\r\n														<u><strong><img src="http://k14.vcmedia.vn/Images/Uploaded/Share/2011/2/27/2245/20110227mbthoagiay52.JPG" style="border: 1px solid rgb(0, 0, 0);" /></strong></u></div>\r\n													<div>\r\n														&nbsp;</div>\r\n													<div>\r\n														&nbsp;</div>\r\n												</td>\r\n											</tr>\r\n										</tbody>\r\n									</table>\r\n									<div align="justify">\r\n										<u><strong><span style="font-family: Times New Roman; font-size: 12pt; font-weight: bold; text-decoration: underline;">Bước 5: </span></strong></u></div>\r\n									<div align="justify">\r\n										&nbsp;</div>\r\n									<div align="justify">\r\n										<strong><span style="font-style: italic; font-family: Times New Roman; font-size: 12pt;">- Tiếp theo,&nbsp;gắn c&aacute;ch c&aacute;nh hoa l&ecirc;n khung c&aacute;nh như h&igrave;nh b&ecirc;n.</span></strong></div>\r\n								</td>\r\n							</tr>\r\n							<tr>\r\n								<td style="padding-left: 15px; font-family: Arial; color: rgb(51, 51, 51); font-size: 12px;" valign="top">\r\n									<table align="left" cellspacing="0">\r\n										<tbody>\r\n											<tr>\r\n												<td style="padding-right: 15px;" valign="top">\r\n													<div>\r\n														<u><strong><img src="http://k14.vcmedia.vn/Images/Uploaded/Share/2011/2/27/2245/20110227mbthoagiay62.JPG" style="border: 1px solid rgb(0, 0, 0);" /></strong></u></div>\r\n													<div>\r\n														&nbsp;</div>\r\n												</td>\r\n											</tr>\r\n										</tbody>\r\n									</table>\r\n									<div align="justify">\r\n										<u><strong><span style="font-family: Times New Roman; font-size: 12pt; font-weight: bold; text-decoration: underline;">Bước 6:</span></strong></u></div>\r\n									<div align="justify">\r\n										&nbsp;</div>\r\n									<div align="justify">\r\n										<strong><span style="font-style: italic; font-family: Times New Roman; font-size: 12pt;">- Tương tự, c&aacute;c bạn&nbsp;l&agrave;m đủ số b&ocirc;ng v&agrave; gắn ch&uacute;ng lại l&agrave;m d&acirc;y hoa trang tr&iacute; nghen.</span></strong></div>\r\n								</td>\r\n							</tr>\r\n						</tbody>\r\n					</table>\r\n				</td>\r\n			</tr>\r\n			<tr>\r\n				<td align="left" style="padding-left: 3px;" width="100%">\r\n					<div>\r\n						&nbsp;</div>\r\n					<div style="text-align: center;">\r\n						<strong><span style="font-size: 14px;">D&aacute;n l&ecirc;n tường l&agrave; xong th&ocirc;i! </span></strong></div>\r\n					<div>\r\n						&nbsp;</div>\r\n					<div>\r\n						&nbsp;</div>\r\n				</td>\r\n			</tr>\r\n			<tr>\r\n				<td align="center" style="padding-left: 3px;" width="100%">\r\n					<div align="center">\r\n						<u><strong><img _fl="" align="middle" src="http://k14.vcmedia.vn/Images/Uploaded/Share/2011/02/27/20110227MBThoagiaysp1.JPG" style="margin: 5px;" width="450" /></strong></u></div>\r\n					<div align="center">\r\n						<strong><span style="font-style: italic;">M&igrave;nh c&oacute; thể gắn th&ecirc;m 1 chiếc khuy nhỏ l&agrave;m nhụy hoa nữa cho xinh nghen.</span></strong></div>\r\n					<div align="center">\r\n						&nbsp;</div>\r\n					<div align="center">\r\n						&nbsp;</div>\r\n					<div align="center">\r\n						<strong><img _fl="" align="middle" src="http://k14.vcmedia.vn/Images/Uploaded/Share/2011/02/27/20110227MBThoagiaysp2.jpg" style="margin: 5px;" width="450" /></strong></div>\r\n					<div align="center">\r\n						<strong><span style="font-style: italic;">D&acirc;y hoa gắn l&ecirc;n tường trang tr&iacute; rất &quot;cute&quot; nha!<span style="display: none;">&nbsp;</span></span></strong></div>\r\n				</td>\r\n			</tr>\r\n		</tbody>\r\n	</table>\r\n</div>\r\n<p>\r\n	&nbsp;</p>\r\n', '20110227MBThoagiaysp2.jpg', NULL, 1);
INSERT INTO `leadings` VALUES (6, 'Chim cánh cụt đáng yêu làm từ vỏ trứng', 'Mình cùng làm một đội quân các bé cánh cụt trượt tuyết để bày trên bàn học nhé!', '<p class="sapo">\r\n	&nbsp;</p>\r\n<div class="content">\r\n	<table border="0" cellpadding="0" cellspacing="0" width="100%">\r\n		<tbody>\r\n			<tr>\r\n				<td align="left" style="padding-left: 3px;" width="100%">\r\n					&nbsp;</td>\r\n			</tr>\r\n			<tr>\r\n				<td align="left" width="100%">\r\n					<table border="0" cellpadding="0" cellspacing="0" width="100%">\r\n						<tbody>\r\n						</tbody>\r\n					</table>\r\n				</td>\r\n			</tr>\r\n			<tr>\r\n				<td align="left" style="padding-left: 3px;" width="100%">\r\n					<div>\r\n						<span style="font-family: Arial; color: rgb(0, 0, 0); font-size: 12px; font-weight: bold; text-decoration: underline;">Chuẩn bị những đạo cụ n&agrave;y nh&eacute;:</span></div>\r\n					<div>\r\n						&nbsp;</div>\r\n					<div>\r\n						<span style="font-style: italic; font-family: Arial; color: rgb(0, 0, 205); font-size: 12px; font-weight: bold;">- Vỏ trứng</span></div>\r\n					<div>\r\n						<span style="font-style: italic; color: rgb(0, 0, 205);">&nbsp;</span></div>\r\n					<div>\r\n						<span style="font-style: italic; font-family: Arial; color: rgb(0, 0, 205); font-size: 12px; font-weight: bold;">- Giấy b&igrave;a</span></div>\r\n					<div>\r\n						<span style="font-style: italic; color: rgb(0, 0, 205);">&nbsp;</span></div>\r\n					<div>\r\n						<span style="font-style: italic; font-family: Arial; color: rgb(0, 0, 205); font-size: 12px; font-weight: bold;">- Tăm</span></div>\r\n					<div>\r\n						<span style="font-style: italic; color: rgb(0, 0, 205);">&nbsp;</span></div>\r\n					<div>\r\n						<span style="font-style: italic; font-family: Arial; color: rgb(0, 0, 205); font-size: 12px; font-weight: bold;">- M&agrave;u vẽ</span></div>\r\n					<div>\r\n						&nbsp;</div>\r\n					<div>\r\n						&nbsp;</div>\r\n				</td>\r\n			</tr>\r\n			<tr>\r\n				<td align="left" width="100%">\r\n					<table border="0" cellpadding="0" cellspacing="0" width="100%">\r\n						<tbody>\r\n						</tbody>\r\n					</table>\r\n				</td>\r\n			</tr>\r\n			<tr>\r\n				<td align="left" style="padding-left: 3px;" width="100%">\r\n					<div>\r\n						<span style="font-family: Arial; color: rgb(0, 0, 0); font-size: 12px; font-weight: bold; text-decoration: underline;">Đến phần h&agrave;nh động n&agrave;y: &gt;:D&lt;</span></div>\r\n					<div>\r\n						&nbsp;</div>\r\n					<div>\r\n						&nbsp;</div>\r\n				</td>\r\n			</tr>\r\n			<tr>\r\n				<td align="left" width="100%">\r\n					<table border="0" cellpadding="0" cellspacing="10" width="100%">\r\n						<tbody>\r\n							<tr>\r\n								<td style="padding-left: 15px; font-family: Arial; color: rgb(51, 51, 51); font-size: 12px;" valign="top">\r\n									<table align="left" cellspacing="0">\r\n										<tbody>\r\n											<tr>\r\n												<td style="padding-right: 15px;" valign="top">\r\n													<div>\r\n														<img alt="" src="http://localhost:8888/Project-C1007M-Nhom2/upload/data/chym1.jpg " style="width: 300px; height: 220px;" /></div>\r\n													<div>\r\n														&nbsp;</div>\r\n													<div>\r\n														&nbsp;</div>\r\n												</td>\r\n											</tr>\r\n										</tbody>\r\n									</table>\r\n									<div>\r\n										<span style="font-weight: bold; text-decoration: underline;">Bước 1:</span></div>\r\n									<div>\r\n										&nbsp;</div>\r\n									<div align="justify">\r\n										<span style="font-style: italic;">- Cắt b&igrave;a th&agrave;nh những miếng h&igrave;nh chữ nhật d&agrave;i lượn tr&ograve;n ở một đầu rồi uốn cong l&ecirc;n như h&igrave;nh b&ecirc;n để l&agrave;m v&aacute;n trượt tuyết cho chim c&aacute;nh cụt nh&eacute;!</span></div>\r\n								</td>\r\n							</tr>\r\n							<tr>\r\n								<td style="padding-left: 15px; font-family: Arial; color: rgb(51, 51, 51); font-size: 12px;" valign="top">\r\n									<table align="left" cellspacing="0">\r\n										<tbody>\r\n											<tr>\r\n												<td style="padding-right: 15px;" valign="top">\r\n													<div>\r\n														<img alt="" src="http://localhost:8888/Project-C1007M-Nhom2/upload/data/chym2.jpg " style="width: 300px; height: 220px;" /></div>\r\n													<div>\r\n														&nbsp;</div>\r\n													<div>\r\n														&nbsp;</div>\r\n												</td>\r\n											</tr>\r\n										</tbody>\r\n									</table>\r\n									<div>\r\n										<span style="font-weight: bold; text-decoration: underline;">Bước 2:</span></div>\r\n									<div>\r\n										&nbsp;</div>\r\n									<div align="justify">\r\n										<span style="font-style: italic;">- D&ugrave;ng m&agrave;u vẽ, t&ocirc; v&agrave; trang tr&iacute; cho v&aacute;n trượt th&ecirc;m đẹp n&agrave;o.</span></div>\r\n								</td>\r\n							</tr>\r\n							<tr>\r\n								<td style="padding-left: 15px; font-family: Arial; color: rgb(51, 51, 51); font-size: 12px;" valign="top">\r\n									<table align="left" cellspacing="0">\r\n										<tbody>\r\n											<tr>\r\n												<td style="padding-right: 15px;" valign="top">\r\n													<div>\r\n														<img alt="" src="http://localhost:8888/Project-C1007M-Nhom2/upload/data/chym3.jpg " style="width: 300px; height: 220px;" /></div>\r\n													<div>\r\n														&nbsp;</div>\r\n													<div>\r\n														&nbsp;</div>\r\n												</td>\r\n											</tr>\r\n										</tbody>\r\n									</table>\r\n									<div>\r\n										<span style="font-weight: bold; text-decoration: underline;">Bước 3:</span></div>\r\n									<div>\r\n										&nbsp;</div>\r\n									<div align="justify">\r\n										<span style="font-style: italic;">- Với phần vỏ trứng, ch&uacute;ng ta cần t&ocirc; đen hết to&agrave;n bộ rồi vẽ 3 đốm trắng l&ecirc;n như trong h&igrave;nh nh&eacute;!</span></div>\r\n								</td>\r\n							</tr>\r\n							<tr>\r\n								<td style="padding-left: 15px; font-family: Arial; color: rgb(51, 51, 51); font-size: 12px;" valign="top">\r\n									<table align="left" cellspacing="0">\r\n										<tbody>\r\n											<tr>\r\n												<td style="padding-right: 15px;" valign="top">\r\n													<div>\r\n														<img alt="" src="http://localhost:8888/Project-C1007M-Nhom2/upload/data/chym4.jpg " style="width: 300px; height: 220px;" /></div>\r\n													<div>\r\n														&nbsp;</div>\r\n													<div>\r\n														&nbsp;</div>\r\n												</td>\r\n											</tr>\r\n										</tbody>\r\n									</table>\r\n									<div>\r\n										<span style="font-weight: bold; text-decoration: underline;">Bước 4:</span></div>\r\n									<div>\r\n										&nbsp;</div>\r\n									<div align="justify">\r\n										<span style="font-style: italic;">- Vẽ th&ecirc;m mắt v&agrave; d&ugrave;ng b&igrave;a m&agrave;u cam để l&agrave;m mỏ cho chim c&aacute;nh cụt nghen. &Agrave;, đ&ugrave;ng qu&ecirc;n 2 miếng b&igrave;a m&agrave;u đen h&igrave;nh l&aacute; nhỏ&nbsp;để l&agrave;m c&aacute;nh đấy!</span></div>\r\n								</td>\r\n							</tr>\r\n							<tr>\r\n								<td style="padding-left: 15px; font-family: Arial; color: rgb(51, 51, 51); font-size: 12px;" valign="top">\r\n									<table align="left" cellspacing="0">\r\n										<tbody>\r\n											<tr>\r\n												<td style="padding-right: 15px;" valign="top">\r\n													<div>\r\n														<img alt="" src="http://localhost:8888/Project-C1007M-Nhom2/upload/data/chym5.jpg " style="width: 300px; height: 220px;" /></div>\r\n													<div>\r\n														&nbsp;</div>\r\n												</td>\r\n											</tr>\r\n										</tbody>\r\n									</table>\r\n									<div>\r\n										<span style="font-weight: bold; text-decoration: underline;">Bước 5:</span></div>\r\n									<div>\r\n										&nbsp;</div>\r\n									<div align="justify">\r\n										<span style="font-style: italic;">- Gắn nốt phụ kiện v&agrave;o cho b&eacute; chim c&aacute;nh cụt nữa l&agrave; xong!</span></div>\r\n								</td>\r\n							</tr>\r\n						</tbody>\r\n					</table>\r\n				</td>\r\n			</tr>\r\n			<tr>\r\n				<td align="left" style="padding-left: 3px;" width="100%">\r\n					<div>\r\n						<span style="font-family: Arial; color: rgb(0, 0, 0); font-size: 12px; font-weight: bold;">Rất đ&aacute;ng y&ecirc;u lu&ocirc;n &iacute;!!! </span></div>\r\n					<div>\r\n						&nbsp;</div>\r\n					<div>\r\n						&nbsp;</div>\r\n				</td>\r\n			</tr>\r\n			<tr>\r\n				<td align="center" style="padding-left: 3px;" width="100%">\r\n					<div align="center">\r\n						<img alt="" src="http://localhost:8888/Project-C1007M-Nhom2/upload/data/chym6.jpg " style="width: 300px; height: 220px;" /></div>\r\n					<div align="center">\r\n						<span style="font-style: italic;">Giống như mấy b&eacute; c&aacute;nh cụt đang h&aacute;t nhỉ?</span></div>\r\n					<div align="center">\r\n						&nbsp;</div>\r\n					<div align="center">\r\n						&nbsp;</div>\r\n					<div align="center">\r\n						<img alt="" src="http://localhost:8888/Project-C1007M-Nhom2/upload/data/chym8.jpg" /></div>\r\n					<div align="center">\r\n						<span style="font-style: italic;">B&eacute; n&agrave;y th&igrave; đang m&ograve; mẫm đi đ&acirc;u đ&acirc;y? </span></div>\r\n					<div align="center">\r\n						&nbsp;</div>\r\n					<div align="center">\r\n						&nbsp;</div>\r\n					<div align="center">\r\n						<div>\r\n							<img alt="" src="http://localhost:8888/Project-C1007M-Nhom2/upload/data/chym9.jpg" /></div>\r\n					</div>\r\n				</td>\r\n			</tr>\r\n		</tbody>\r\n	</table>\r\n</div>\r\n<p>\r\n	&nbsp;</p>\r\n', 'chym9.jpg', NULL, 1);
INSERT INTO `leadings` VALUES (7, 'Bánh xốp mang hình kem ốc quế cực xinh', 'Thêm một gợi ý về một món quà độc đáo, nhanh gọn, dễ thực hiện cho teenboy nhà mình nhé!', '<p class="sapo">\r\n	&nbsp;</p>\r\n<div class="content">\r\n	<table border="0" cellpadding="0" cellspacing="0" width="100%">\r\n		<tbody>\r\n			<tr>\r\n				<td align="left" style="padding-left: 3px;" width="100%">\r\n					<div>\r\n						&nbsp;</div>\r\n					<div>\r\n						<span style="font-family: Arial; color: rgb(0, 0, 0); font-size: 12px; font-weight: bold; text-decoration: underline;">Chuẩn bị những nguy&ecirc;n liệu sau:</span></div>\r\n					<div>\r\n						&nbsp;</div>\r\n					<div>\r\n						&nbsp;</div>\r\n				</td>\r\n			</tr>\r\n			<tr>\r\n				<td align="left" width="100%">\r\n					<table border="0" cellpadding="0" cellspacing="0" width="100%">\r\n						<tbody>\r\n							<tr>\r\n								<td style="padding-left: 15px; font-family: Arial; color: rgb(51, 51, 51); font-size: 12px;" valign="top">\r\n									<table align="left" cellspacing="0">\r\n										<tbody>\r\n											<tr>\r\n												<td style="padding-right: 15px;" valign="top">\r\n													<div>\r\n														&nbsp;&nbsp; <img src="http://k14.vcmedia.vn/Images/Uploaded/Share/2011/3/7/120/110307mbtocquenguyenlieu12.jpg" style="border: 1px solid rgb(0, 0, 0);" /></div>\r\n													<div>\r\n														&nbsp;</div>\r\n													<div>\r\n														&nbsp;</div>\r\n												</td>\r\n											</tr>\r\n										</tbody>\r\n									</table>\r\n									<div align="justify">\r\n										<span style="font-style: italic; color: rgb(0, 0, 205); font-weight: bold;">- B&aacute;nh xốp</span></div>\r\n									<div align="justify">\r\n										<span style="font-style: italic; color: rgb(0, 0, 205); font-weight: bold;">&nbsp;</span></div>\r\n									<div align="justify">\r\n										<span style="font-style: italic; color: rgb(0, 0, 205); font-weight: bold;">- Kẹo marshmallow</span></div>\r\n									<div align="justify">\r\n										<span style="font-style: italic; color: rgb(0, 0, 205); font-weight: bold;">&nbsp;</span></div>\r\n									<div align="justify">\r\n										<span style="font-style: italic; color: rgb(0, 0, 205); font-weight: bold;">- Chocolate trắng</span></div>\r\n									<div align="justify">\r\n										<span style="font-style: italic; color: rgb(0, 0, 205); font-weight: bold;">&nbsp;</span></div>\r\n									<div align="justify">\r\n										<span style="font-style: italic; color: rgb(0, 0, 205); font-weight: bold;">- Đường m&agrave;u trang tr&iacute;</span></div>\r\n								</td>\r\n							</tr>\r\n						</tbody>\r\n					</table>\r\n				</td>\r\n			</tr>\r\n			<tr>\r\n				<td align="left" style="padding-left: 3px;" width="100%">\r\n					&nbsp;</td>\r\n			</tr>\r\n			<tr>\r\n				<td align="left" width="100%">\r\n					<table border="0" cellpadding="0" cellspacing="0" width="100%">\r\n						<tbody>\r\n						</tbody>\r\n					</table>\r\n				</td>\r\n			</tr>\r\n			<tr>\r\n				<td align="left" style="padding-left: 3px;" width="100%">\r\n					<div>\r\n						<span style="font-family: Arial; color: rgb(0, 0, 0); font-size: 12px; font-weight: bold; text-decoration: underline;">Đến phần h&agrave;nh động n&agrave;y: &gt;:D&lt;</span></div>\r\n					<div>\r\n						&nbsp;</div>\r\n					<div>\r\n						&nbsp;</div>\r\n				</td>\r\n			</tr>\r\n			<tr>\r\n				<td align="left" width="100%">\r\n					<table border="0" cellpadding="0" cellspacing="10" width="100%">\r\n						<tbody>\r\n							<tr>\r\n								<td style="padding-left: 15px; font-family: Arial; color: rgb(51, 51, 51); font-size: 12px;" valign="top">\r\n									<table align="left" cellspacing="0">\r\n										<tbody>\r\n											<tr>\r\n												<td style="padding-right: 15px;" valign="top">\r\n													<div>\r\n														<img src="http://k14.vcmedia.vn/Images/Uploaded/Share/2011/3/7/120/110307mbtocque12.jpg" style="border: 1px solid rgb(0, 0, 0);" /></div>\r\n													<div>\r\n														&nbsp;</div>\r\n													<div>\r\n														&nbsp;</div>\r\n												</td>\r\n											</tr>\r\n										</tbody>\r\n									</table>\r\n									<div>\r\n										<span style="font-weight: bold; text-decoration: underline;">Bước 1:</span></div>\r\n									<div>\r\n										&nbsp;</div>\r\n									<div align="justify">\r\n										<span style="font-style: italic;">- Đầu ti&ecirc;n, c&aacute;c bạn cắt b&aacute;nh xốp th&agrave;nh dạng que nhỏ nh&eacute;!</span></div>\r\n								</td>\r\n							</tr>\r\n							<tr>\r\n								<td style="padding-left: 15px; font-family: Arial; color: rgb(51, 51, 51); font-size: 12px;" valign="top">\r\n									<table align="left" cellspacing="0">\r\n										<tbody>\r\n											<tr>\r\n												<td style="padding-right: 15px;" valign="top">\r\n													<div>\r\n														<img src="http://k14.vcmedia.vn/Images/Uploaded/Share/2011/3/7/120/110307mbtocque22.jpg" style="border: 1px solid rgb(0, 0, 0);" /></div>\r\n													<div>\r\n														&nbsp;</div>\r\n													<div>\r\n														&nbsp;</div>\r\n												</td>\r\n											</tr>\r\n										</tbody>\r\n									</table>\r\n									<div>\r\n										<span style="font-weight: bold; text-decoration: underline;">Bước 2:</span></div>\r\n									<div>\r\n										&nbsp;</div>\r\n									<div align="justify">\r\n										<span style="font-style: italic;">- Cắt một miếng marshmallow nhỏ rồi đục một lỗ ở giữa v&agrave; lồng v&agrave;o b&aacute;nh xốp n&agrave;y.</span></div>\r\n								</td>\r\n							</tr>\r\n							<tr>\r\n								<td style="padding-left: 15px; font-family: Arial; color: rgb(51, 51, 51); font-size: 12px;" valign="top">\r\n									<table align="left" cellspacing="0">\r\n										<tbody>\r\n											<tr>\r\n												<td style="padding-right: 15px;" valign="top">\r\n													<div>\r\n														<img src="http://k14.vcmedia.vn/Images/Uploaded/Share/2011/3/7/120/110307mbtocque32.jpg" style="border: 1px solid rgb(0, 0, 0);" /></div>\r\n													<div>\r\n														&nbsp;</div>\r\n													<div>\r\n														&nbsp;</div>\r\n												</td>\r\n											</tr>\r\n										</tbody>\r\n									</table>\r\n									<div>\r\n										<span style="font-weight: bold; text-decoration: underline;">Bước 3:</span></div>\r\n									<div>\r\n										&nbsp;</div>\r\n									<div align="justify">\r\n										<span style="font-style: italic;">- Tiếp theo, c&aacute;c bạn l&agrave;m th&ecirc;m một tầng marshmallow ở tr&ecirc;n nữa nghen.</span></div>\r\n								</td>\r\n							</tr>\r\n							<tr>\r\n								<td style="padding-left: 15px; font-family: Arial; color: rgb(51, 51, 51); font-size: 12px;" valign="top">\r\n									<table align="left" cellspacing="0">\r\n										<tbody>\r\n											<tr>\r\n												<td style="padding-right: 15px;" valign="top">\r\n													<div>\r\n														<img src="http://k14.vcmedia.vn/Images/Uploaded/Share/2011/3/7/120/110307mbtocque42.jpg" style="border: 1px solid rgb(0, 0, 0);" /></div>\r\n													<div>\r\n														&nbsp;</div>\r\n													<div>\r\n														&nbsp;</div>\r\n												</td>\r\n											</tr>\r\n										</tbody>\r\n									</table>\r\n									<div>\r\n										<span style="font-weight: bold; text-decoration: underline;">Bước 4:</span></div>\r\n									<div>\r\n										&nbsp;</div>\r\n									<div align="justify">\r\n										<span style="font-style: italic;">- Đun chảy chocolate trắng. Sau đ&oacute;, nh&uacute;ng đầu kem ốc quế v&agrave;o r&ugrave;i rắc đường m&agrave;u l&ecirc;n l&agrave; xong</span>!</div>\r\n								</td>\r\n							</tr>\r\n							<tr>\r\n								<td style="padding-left: 15px; font-family: Arial; color: rgb(51, 51, 51); font-size: 12px;" valign="top">\r\n									<table align="left" cellspacing="0">\r\n										<tbody>\r\n											<tr>\r\n												<td style="padding-right: 15px;" valign="top">\r\n													<div>\r\n														<img src="http://k14.vcmedia.vn/Images/Uploaded/Share/2011/3/7/120/110307mbtocque52.jpg" style="border: 1px solid rgb(0, 0, 0);" /></div>\r\n													<div>\r\n														&nbsp;</div>\r\n												</td>\r\n											</tr>\r\n										</tbody>\r\n									</table>\r\n									<div>\r\n										<span style="font-weight: bold; text-decoration: underline;">Bước 5:</span></div>\r\n									<div>\r\n										&nbsp;</div>\r\n									<div align="justify">\r\n										<span style="font-style: italic;">- Cuối c&ugrave;ng, ch&uacute;ng m&igrave;nh cần l&agrave;m th&ecirc;m một chiếc hộp nhỏ để cho b&aacute;nh v&agrave;o nữa l&agrave; xong!</span></div>\r\n								</td>\r\n							</tr>\r\n						</tbody>\r\n					</table>\r\n				</td>\r\n			</tr>\r\n			<tr>\r\n				<td align="left" style="padding-left: 3px;" width="100%">\r\n					<div>\r\n						<span style="font-family: Arial; color: rgb(0, 0, 0); font-size: 12px; font-weight: bold;">Gợi &yacute; mẫu hộp cho c&aacute;c bạn n&egrave;... </span></div>\r\n					<div>\r\n						&nbsp;</div>\r\n					<div>\r\n						&nbsp;</div>\r\n				</td>\r\n			</tr>\r\n			<tr>\r\n				<td align="center" style="padding-left: 3px;" width="100%">\r\n					<div align="center">\r\n						<img _fl="" align="middle" src="http://k14.vcmedia.vn/Images/Uploaded/Share/2011/03/07/110307MBTocquesp1.jpg" style="margin: 5px;" width="500" /></div>\r\n					<div align="center">\r\n						<span style="font-style: italic;">Đơn giản m&agrave; cực&nbsp;dễ thương nh&aacute;!!! </span></div>\r\n					<div align="center">\r\n						&nbsp;</div>\r\n					<div align="center">\r\n						&nbsp;</div>\r\n					<div align="center">\r\n						<div>\r\n							<img _fl="" align="middle" src="http://k14.vcmedia.vn/Images/Uploaded/Share/2011/03/07/110307MBTocquesp2.jpg" style="margin: 5px;" width="500" /></div>\r\n					</div>\r\n				</td>\r\n			</tr>\r\n		</tbody>\r\n	</table>\r\n</div>\r\n<p>\r\n	&nbsp;</p>\r\n', '110307MBTocquesp2.jpg', NULL, 1);
INSERT INTO `leadings` VALUES (8, 'Que kem không chảy - món quà kute dành cho con gái', 'Con trai đã bao giờ nghĩ đến việc sẽ làm bánh để tặng con gái chưa? Hẳn đây sẽ là món quà dễ thương và ý nghĩa nhất mà con gái được nhận đấy!', '<p class="sapo">\r\n	&nbsp;</p>\r\n<div class="content">\r\n	<table border="0" cellpadding="0" cellspacing="0" width="100%">\r\n		<tbody>\r\n			<tr>\r\n				<td align="left" style="padding-left: 3px;" width="100%">\r\n					<div>\r\n						&nbsp;</div>\r\n					<div>\r\n						<span style="font-family: Arial; color: rgb(0, 0, 0); font-size: 12px; font-weight: bold; text-decoration: underline;">Chuẩn bị những nguy&ecirc;n liệu sau:</span></div>\r\n					<div>\r\n						&nbsp;</div>\r\n					<div>\r\n						&nbsp;</div>\r\n				</td>\r\n			</tr>\r\n			<tr>\r\n				<td align="left" width="100%">\r\n					<table border="0" cellpadding="0" cellspacing="0" width="100%">\r\n						<tbody>\r\n							<tr>\r\n								<td style="padding-left: 15px; font-family: Arial; color: rgb(51, 51, 51); font-size: 12px;" valign="top">\r\n									<table align="left" cellspacing="0">\r\n										<tbody>\r\n											<tr>\r\n												<td style="padding-right: 15px;" valign="top">\r\n													<div>\r\n														&nbsp;&nbsp; <img src="http://k14.vcmedia.vn/Images/Uploaded/Share/2011/3/4/2120/110304mbtcookiekemnguyenlieu2.jpg" style="border: 1px solid rgb(0, 0, 0);" /></div>\r\n													<div>\r\n														&nbsp;</div>\r\n													<div>\r\n														&nbsp;</div>\r\n												</td>\r\n											</tr>\r\n										</tbody>\r\n									</table>\r\n									<div align="justify">\r\n										<span style="font-style: italic; color: rgb(0, 0, 205); font-weight: bold;">- 100gr bơ</span></div>\r\n									<div align="justify">\r\n										<span style="font-style: italic; color: rgb(0, 0, 205); font-weight: bold;">&nbsp;</span></div>\r\n									<div align="justify">\r\n										<span style="font-style: italic; color: rgb(0, 0, 205); font-weight: bold;">- 60gr đường bột</span></div>\r\n									<div align="justify">\r\n										<span style="font-style: italic; color: rgb(0, 0, 205); font-weight: bold;">&nbsp;</span></div>\r\n									<div align="justify">\r\n										<span style="font-style: italic; color: rgb(0, 0, 205); font-weight: bold;">- 1 l&ograve;ng đỏ trứng</span></div>\r\n									<div align="justify">\r\n										<span style="font-style: italic; color: rgb(0, 0, 205); font-weight: bold;">&nbsp;</span></div>\r\n									<div align="justify">\r\n										<span style="font-style: italic; color: rgb(0, 0, 205); font-weight: bold;">- 150gr bột m&igrave;</span></div>\r\n									<div align="justify">\r\n										<span style="font-style: italic; color: rgb(0, 0, 205); font-weight: bold;">&nbsp;</span></div>\r\n									<div align="justify">\r\n										<span style="font-style: italic; color: rgb(0, 0, 205); font-weight: bold;">- 50gr bột hạnh nh&acirc;n</span></div>\r\n									<div align="justify">\r\n										<span style="font-style: italic; color: rgb(0, 0, 205); font-weight: bold;">&nbsp;</span></div>\r\n									<div align="justify">\r\n										<span style="font-style: italic; color: rgb(0, 0, 205); font-weight: bold;">- 15gr bột cacao&nbsp;</span></div>\r\n									<div align="justify">\r\n										<span style="font-style: italic; color: rgb(0, 0, 205); font-weight: bold;">&nbsp;</span></div>\r\n									<div align="justify">\r\n										<span style="font-style: italic; color: rgb(0, 0, 205); font-weight: bold;">-&nbsp;15 bột d&acirc;u</span></div>\r\n									<div align="justify">\r\n										<span style="font-style: italic; color: rgb(0, 0, 205); font-weight: bold;">&nbsp;</span></div>\r\n									<div align="justify">\r\n										<span style="font-style: italic; color: rgb(0, 0, 205); font-weight: bold;">- Chocolate trắng</span></div>\r\n									<div align="justify">\r\n										<span style="font-style: italic; color: rgb(0, 0, 205); font-weight: bold;">&nbsp;</span></div>\r\n									<div align="justify">\r\n										<span style="font-style: italic; color: rgb(0, 0, 205); font-weight: bold;">- Kẹo m&agrave;u</span></div>\r\n									<div align="justify">\r\n										<span style="font-style: italic; color: rgb(0, 0, 205); font-weight: bold;">&nbsp;</span></div>\r\n									<div align="justify">\r\n										<span style="font-style: italic; color: rgb(0, 0, 205); font-weight: bold;">- Que kem</span></div>\r\n								</td>\r\n							</tr>\r\n						</tbody>\r\n					</table>\r\n				</td>\r\n			</tr>\r\n			<tr>\r\n				<td align="left" style="padding-left: 3px;" width="100%">\r\n					&nbsp;</td>\r\n			</tr>\r\n			<tr>\r\n				<td align="left" width="100%">\r\n					<table border="0" cellpadding="0" cellspacing="0" width="100%">\r\n						<tbody>\r\n						</tbody>\r\n					</table>\r\n				</td>\r\n			</tr>\r\n			<tr>\r\n				<td align="left" style="padding-left: 3px;" width="100%">\r\n					<div>\r\n						<span style="font-family: Arial; color: rgb(0, 0, 0); font-size: 12px; font-weight: bold; text-decoration: underline;">Đến phần h&agrave;nh động n&agrave;y: &gt;:D&lt;</span></div>\r\n					<div>\r\n						&nbsp;</div>\r\n					<div>\r\n						&nbsp;</div>\r\n				</td>\r\n			</tr>\r\n			<tr>\r\n				<td align="left" width="100%">\r\n					<table border="0" cellpadding="0" cellspacing="10" width="100%">\r\n						<tbody>\r\n							<tr>\r\n								<td style="padding-left: 15px; font-family: Arial; color: rgb(51, 51, 51); font-size: 12px;" valign="top">\r\n									<table align="left" cellspacing="0">\r\n										<tbody>\r\n											<tr>\r\n												<td style="padding-right: 15px;" valign="top">\r\n													<div>\r\n														<img src="http://k14.vcmedia.vn/Images/Uploaded/Share/2011/3/4/2120/110304mbtcookiekem12.jpg" style="border: 1px solid rgb(0, 0, 0);" /></div>\r\n													<div>\r\n														&nbsp;</div>\r\n													<div>\r\n														&nbsp;</div>\r\n												</td>\r\n											</tr>\r\n										</tbody>\r\n									</table>\r\n									<div>\r\n										<span style="font-weight: bold; text-decoration: underline;">Bước 1:</span></div>\r\n									<div>\r\n										&nbsp;</div>\r\n									<div align="justify">\r\n										<span style="font-style: italic;">- Để bơ mềm rồi đ&aacute;nh đều lần lượt với: đường, trứng, bột m&igrave;, bột hạnh nh&acirc;n n&agrave;y.</span></div>\r\n								</td>\r\n							</tr>\r\n							<tr>\r\n								<td style="padding-left: 15px; font-family: Arial; color: rgb(51, 51, 51); font-size: 12px;" valign="top">\r\n									<table align="left" cellspacing="0">\r\n										<tbody>\r\n											<tr>\r\n												<td style="padding-right: 15px;" valign="top">\r\n													<div>\r\n														<img src="http://k14.vcmedia.vn/Images/Uploaded/Share/2011/3/4/2120/110304mbtcookiekem22.jpg" style="border: 1px solid rgb(0, 0, 0);" /></div>\r\n													<div>\r\n														&nbsp;</div>\r\n													<div>\r\n														&nbsp;</div>\r\n												</td>\r\n											</tr>\r\n										</tbody>\r\n									</table>\r\n									<div>\r\n										<span style="font-weight: bold; text-decoration: underline;">Bước 2:</span></div>\r\n									<div>\r\n										&nbsp;</div>\r\n									<div align="justify">\r\n										<span style="font-style: italic;">- Tiếp theo, ta chia hỗn hợp bột l&agrave;m hai phần bằng nhau r&ugrave;i pha bột cacao v&agrave; bột d&acirc;u v&agrave;o từng phần nh&eacute;!</span></div>\r\n								</td>\r\n							</tr>\r\n							<tr>\r\n								<td style="padding-left: 15px; font-family: Arial; color: rgb(51, 51, 51); font-size: 12px;" valign="top">\r\n									<table align="left" cellspacing="0">\r\n										<tbody>\r\n											<tr>\r\n												<td style="padding-right: 15px;" valign="top">\r\n													<div>\r\n														<img src="http://k14.vcmedia.vn/Images/Uploaded/Share/2011/3/4/2120/110304mbtcookiekem32.jpg" style="border: 1px solid rgb(0, 0, 0);" /></div>\r\n													<div>\r\n														&nbsp;</div>\r\n													<div>\r\n														&nbsp;</div>\r\n												</td>\r\n											</tr>\r\n										</tbody>\r\n									</table>\r\n									<div>\r\n										<span style="font-weight: bold; text-decoration: underline;">Bước 3:</span></div>\r\n									<div>\r\n										&nbsp;</div>\r\n									<div align="justify">\r\n										<span style="font-style: italic;">- C&aacute;n bột th&agrave;nh miếng d&agrave;y chừng 1cm. Sau đ&oacute;, bọc bột lại bằng nilon v&agrave; cho v&agrave;o ngăn&nbsp;m&aacute;t của&nbsp;tủ lạnh khoảng 30&#39;.</span></div>\r\n								</td>\r\n							</tr>\r\n							<tr>\r\n								<td style="padding-left: 15px; font-family: Arial; color: rgb(51, 51, 51); font-size: 12px;" valign="top">\r\n									<table align="left" cellspacing="0">\r\n										<tbody>\r\n											<tr>\r\n												<td style="padding-right: 15px;" valign="top">\r\n													<div>\r\n														<img src="http://k14.vcmedia.vn/Images/Uploaded/Share/2011/3/4/2120/110304mbtcookiekem42.jpg" style="border: 1px solid rgb(0, 0, 0);" /></div>\r\n													<div>\r\n														&nbsp;</div>\r\n													<div>\r\n														&nbsp;</div>\r\n												</td>\r\n											</tr>\r\n										</tbody>\r\n									</table>\r\n									<div>\r\n										<span style="font-weight: bold; text-decoration: underline;">Bước 4:</span></div>\r\n									<div>\r\n										&nbsp;</div>\r\n									<div align="justify">\r\n										<span style="font-style: italic;">- Lấy bột ra, cắt th&agrave;nh từng phần giống như chiếc kem rồi gắn que gỗ v&agrave;o v&agrave; đem nướng ở 180 độ C trong khoảng 15&#39; nghen.</span></div>\r\n								</td>\r\n							</tr>\r\n							<tr>\r\n								<td style="padding-left: 15px; font-family: Arial; color: rgb(51, 51, 51); font-size: 12px;" valign="top">\r\n									<table align="left" cellspacing="0">\r\n										<tbody>\r\n											<tr>\r\n												<td style="padding-right: 15px;" valign="top">\r\n													<div>\r\n														<img src="http://k14.vcmedia.vn/Images/Uploaded/Share/2011/3/4/2120/110304mbtcookiekem52.jpg" style="border: 1px solid rgb(0, 0, 0);" /></div>\r\n													<div>\r\n														&nbsp;</div>\r\n												</td>\r\n											</tr>\r\n										</tbody>\r\n									</table>\r\n									<div>\r\n										<span style="font-weight: bold; text-decoration: underline;">Bước 5:</span></div>\r\n									<div>\r\n										&nbsp;</div>\r\n									<div align="justify">\r\n										<span style="font-style: italic;">- Để trang tr&iacute;. C&aacute;c bạn đun chảy chocolate trắng ra rồi nh&uacute;ng một đầu que kem v&agrave;o.</span></div>\r\n								</td>\r\n							</tr>\r\n							<tr>\r\n								<td style="padding-left: 15px; font-family: Arial; color: rgb(51, 51, 51); font-size: 12px;" valign="top">\r\n									<table align="left" cellspacing="0">\r\n										<tbody>\r\n											<tr>\r\n												<td style="padding-right: 15px;" valign="top">\r\n													<div>\r\n														<img src="http://k14.vcmedia.vn/Images/Uploaded/Share/2011/3/4/2120/110304mbtcookiekem62.jpg" style="border: 1px solid rgb(0, 0, 0);" /></div>\r\n													<div>\r\n														&nbsp;</div>\r\n												</td>\r\n											</tr>\r\n										</tbody>\r\n									</table>\r\n									<p align="justify">\r\n										<span style="font-style: italic;">- Sau đ&oacute;, nhanh ta rắc kẹo m&agrave;u l&ecirc;n khi m&agrave; chocolate chưa bị kh&ocirc; lại nh&eacute;!</span></p>\r\n								</td>\r\n							</tr>\r\n						</tbody>\r\n					</table>\r\n				</td>\r\n			</tr>\r\n			<tr>\r\n				<td align="left" style="padding-left: 3px;" width="100%">\r\n					<div>\r\n						<span style="font-family: Arial; color: rgb(0, 0, 0); font-size: 12px; font-weight: bold;">Vậy l&agrave; những que kem thật xinh xắn kh&ocirc;ng bao giờ chảy đ&atilde; ra đời.... </span></div>\r\n					<div>\r\n						&nbsp;</div>\r\n					<div>\r\n						&nbsp;</div>\r\n				</td>\r\n			</tr>\r\n			<tr>\r\n				<td align="center" style="padding-left: 3px;" width="100%">\r\n					<div align="center">\r\n						<img _fl="" align="middle" src="http://k14.vcmedia.vn/Images/Uploaded/Share/2011/03/04/110304MBTcookiekemsp1.jpg" style="margin: 5px;" width="500" /></div>\r\n					<div align="center">\r\n						<span style="font-style: italic;">Chỉ cần chịu bỏ thời gian l&agrave; c&aacute;c bạn sẽ l&agrave;m được th&ocirc;i! </span></div>\r\n					<div align="center">\r\n						&nbsp;</div>\r\n					<div align="center">\r\n						&nbsp;</div>\r\n					<div align="center">\r\n						<img _fl="" align="middle" src="http://k14.vcmedia.vn/Images/Uploaded/Share/2011/03/04/110304MBTcookiekemsp2.jpg" style="margin: 5px;" width="500" /></div>\r\n					<div align="center">\r\n						<span style="font-style: italic;">G&oacute;i gh&eacute;m v&agrave;o v&agrave; mang đi tặng th&ocirc;i nhỉ? <span style="display: none;">&nbsp;</span></span></div>\r\n				</td>\r\n			</tr>\r\n		</tbody>\r\n	</table>\r\n</div>\r\n<p>\r\n	&nbsp;</p>\r\n', '110304MBTcookiekemsp2.jpg', NULL, 1);
INSERT INTO `leadings` VALUES (9, 'Ốc quế kem giòn tan rôm rả ngày cuối tuần', 'Chính xác hơn thì đây là một loại bánh có tên là Florentines của nước Ý các bạn ạ!', '<p class="sapo">\r\n	&nbsp;</p>\r\n<div class="content">\r\n	<table border="0" cellpadding="0" cellspacing="0" width="100%">\r\n		<tbody>\r\n			<tr>\r\n				<td align="left" style="padding-left: 3px;" width="100%">\r\n					<div>\r\n						&nbsp;</div>\r\n					<div>\r\n						<span style="font-family: Arial; color: rgb(0, 0, 0); font-size: 12px; font-weight: bold; text-decoration: underline;">Chuẩn bị những nguy&ecirc;n liệu sau:</span></div>\r\n					<div>\r\n						&nbsp;</div>\r\n					<div>\r\n						&nbsp;</div>\r\n				</td>\r\n			</tr>\r\n			<tr>\r\n				<td align="left" width="100%">\r\n					<table border="0" cellpadding="0" cellspacing="0" width="100%">\r\n						<tbody>\r\n							<tr>\r\n								<td style="padding-left: 15px; font-family: Arial; color: rgb(51, 51, 51); font-size: 12px;" valign="top">\r\n									<table align="left" cellspacing="0">\r\n										<tbody>\r\n											<tr>\r\n												<td style="padding-right: 15px;" valign="top">\r\n													&nbsp;&nbsp; <img src="http://k14.vcmedia.vn/Images/Uploaded/Share/2011/2/25/2236/110225mbtocquenguyenlieu2.jpg" style="border: 1px solid rgb(0, 0, 0);" /></td>\r\n											</tr>\r\n										</tbody>\r\n									</table>\r\n									<div align="justify">\r\n										<span style="font-style: italic; color: rgb(0, 0, 205); font-weight: bold;">- 110gr bột m&igrave;</span></div>\r\n									<div align="justify">\r\n										<span style="font-style: italic; color: rgb(0, 0, 205); font-weight: bold;">&nbsp;</span></div>\r\n									<div align="justify">\r\n										<span style="font-style: italic; color: rgb(0, 0, 205); font-weight: bold;">- 250gr bơ</span></div>\r\n									<div align="justify">\r\n										<span style="font-style: italic; color: rgb(0, 0, 205); font-weight: bold;">&nbsp;</span></div>\r\n									<div align="justify">\r\n										<span style="font-style: italic; color: rgb(0, 0, 205); font-weight: bold;">- 150gr đường</span></div>\r\n									<div align="justify">\r\n										<span style="font-style: italic; color: rgb(0, 0, 205); font-weight: bold;">&nbsp;</span></div>\r\n									<div align="justify">\r\n										<span style="font-style: italic; color: rgb(0, 0, 205); font-weight: bold;">- 40gr dừa kh&ocirc;</span></div>\r\n									<div align="justify">\r\n										<span style="font-style: italic; color: rgb(0, 0, 205); font-weight: bold;">&nbsp;</span></div>\r\n									<div align="justify">\r\n										<span style="font-style: italic; color: rgb(0, 0, 205); font-weight: bold;">- 100gr hạnh nh&acirc;n l&aacute;t (rang ch&iacute;n)</span></div>\r\n									<div align="justify">\r\n										<span style="font-style: italic; color: rgb(0, 0, 205); font-weight: bold;">&nbsp;</span></div>\r\n									<div align="justify">\r\n										<span style="font-style: italic; color: rgb(0, 0, 205); font-weight: bold;">- 4ml vani</span></div>\r\n									<div align="justify">\r\n										<span style="font-style: italic; color: rgb(0, 0, 205); font-weight: bold;">&nbsp;</span></div>\r\n									<div align="justify">\r\n										<span style="font-style: italic; color: rgb(0, 0, 205); font-weight: bold;">- 50gr chocolate</span></div>\r\n									<div align="justify">\r\n										<span style="font-style: italic; color: rgb(0, 0, 205); font-weight: bold;">&nbsp;</span></div>\r\n									<div align="justify">\r\n										<span style="font-style: italic; color: rgb(0, 0, 205); font-weight: bold;">- Kem tươi</span></div>\r\n									<div>\r\n										&nbsp;</div>\r\n									<div>\r\n										&nbsp;</div>\r\n								</td>\r\n							</tr>\r\n						</tbody>\r\n					</table>\r\n				</td>\r\n			</tr>\r\n			<tr>\r\n				<td align="left" style="padding-left: 3px;" width="100%">\r\n					&nbsp;</td>\r\n			</tr>\r\n			<tr>\r\n				<td align="left" width="100%">\r\n					<table border="0" cellpadding="0" cellspacing="0" width="100%">\r\n						<tbody>\r\n						</tbody>\r\n					</table>\r\n				</td>\r\n			</tr>\r\n			<tr>\r\n				<td align="left" style="padding-left: 3px;" width="100%">\r\n					<div>\r\n						<span style="font-family: Arial; color: rgb(0, 0, 0); font-size: 12px; font-weight: bold; text-decoration: underline;">Đến phần h&agrave;nh động n&agrave;y: &gt;:D&lt;</span></div>\r\n					<div>\r\n						&nbsp;</div>\r\n					<div>\r\n						&nbsp;</div>\r\n				</td>\r\n			</tr>\r\n			<tr>\r\n				<td align="left" width="100%">\r\n					<table border="0" cellpadding="0" cellspacing="10" width="100%">\r\n						<tbody>\r\n							<tr>\r\n								<td style="padding-left: 15px; font-family: Arial; color: rgb(51, 51, 51); font-size: 12px;" valign="top">\r\n									<table align="left" cellspacing="0">\r\n										<tbody>\r\n											<tr>\r\n												<td style="padding-right: 15px;" valign="top">\r\n													<div>\r\n														<img src="http://k14.vcmedia.vn/Images/Uploaded/Share/2011/2/25/2236/110225mbtocque12.jpg" style="border: 1px solid rgb(0, 0, 0);" /></div>\r\n													<div>\r\n														&nbsp;</div>\r\n													<div>\r\n														&nbsp;</div>\r\n												</td>\r\n											</tr>\r\n										</tbody>\r\n									</table>\r\n									<div>\r\n										<span style="font-weight: bold; text-decoration: underline;">Bước 1:</span></div>\r\n									<div>\r\n										&nbsp;</div>\r\n									<div align="justify">\r\n										<span style="font-style: italic;">- Trước ti&ecirc;n, ta cần đun chảy bơ ra n&agrave;y</span></div>\r\n								</td>\r\n							</tr>\r\n							<tr>\r\n								<td style="padding-left: 15px; font-family: Arial; color: rgb(51, 51, 51); font-size: 12px;" valign="top">\r\n									<table align="left" cellspacing="0">\r\n										<tbody>\r\n											<tr>\r\n												<td style="padding-right: 15px;" valign="top">\r\n													<div>\r\n														<img src="http://k14.vcmedia.vn/Images/Uploaded/Share/2011/2/25/2236/110225mbtocque22.jpg" style="border: 1px solid rgb(0, 0, 0);" /></div>\r\n													<div>\r\n														&nbsp;</div>\r\n													<div>\r\n														&nbsp;</div>\r\n												</td>\r\n											</tr>\r\n										</tbody>\r\n									</table>\r\n									<div>\r\n										<span style="font-weight: bold; text-decoration: underline;">Bước 2:</span></div>\r\n									<div>\r\n										&nbsp;</div>\r\n									<div align="justify">\r\n										<span style="font-style: italic;">- Tiếp theo l&agrave; cho tất cả c&aacute;c nguy&ecirc;n liệu c&ograve;n lại v&agrave;o trộn đều.</span></div>\r\n								</td>\r\n							</tr>\r\n							<tr>\r\n								<td style="padding-left: 15px; font-family: Arial; color: rgb(51, 51, 51); font-size: 12px;" valign="top">\r\n									<table align="left" cellspacing="0">\r\n										<tbody>\r\n											<tr>\r\n												<td style="padding-right: 15px;" valign="top">\r\n													<div>\r\n														<img src="http://k14.vcmedia.vn/Images/Uploaded/Share/2011/2/25/2236/110225mbtocque32.jpg" style="border: 1px solid rgb(0, 0, 0);" /></div>\r\n													<div>\r\n														&nbsp;</div>\r\n													<div>\r\n														&nbsp;</div>\r\n												</td>\r\n											</tr>\r\n										</tbody>\r\n									</table>\r\n									<div>\r\n										<span style="font-weight: bold; text-decoration: underline;">Bước 3:</span></div>\r\n									<div>\r\n										&nbsp;</div>\r\n									<div align="justify">\r\n										<span style="font-style: italic;">- Chia hỗn hợp bột th&agrave;nh từng phần nhỏ ra khay nướng c&oacute; l&oacute;t giấy nến (giấy chống d&iacute;nh) nh&eacute;!</span></div>\r\n								</td>\r\n							</tr>\r\n							<tr>\r\n								<td style="padding-left: 15px; font-family: Arial; color: rgb(51, 51, 51); font-size: 12px;" valign="top">\r\n									<table align="left" cellspacing="0">\r\n										<tbody>\r\n											<tr>\r\n												<td style="padding-right: 15px;" valign="top">\r\n													<div>\r\n														<img src="http://k14.vcmedia.vn/Images/Uploaded/Share/2011/2/25/2236/110225mbtocque42.jpg" style="border: 1px solid rgb(0, 0, 0);" /></div>\r\n													<div>\r\n														&nbsp;</div>\r\n													<div>\r\n														&nbsp;</div>\r\n												</td>\r\n											</tr>\r\n										</tbody>\r\n									</table>\r\n									<div>\r\n										<span style="font-weight: bold; text-decoration: underline;">Bước 4:</span></div>\r\n									<div>\r\n										&nbsp;</div>\r\n									<div align="justify">\r\n										<span style="font-style: italic;">- Rồi ấn mỏng ra n&agrave;y v&agrave; đem b&aacute;nh đi nướng ở 180 độ C trong khoảng 6&#39;.</span></div>\r\n								</td>\r\n							</tr>\r\n							<tr>\r\n								<td style="padding-left: 15px; font-family: Arial; color: rgb(51, 51, 51); font-size: 12px;" valign="top">\r\n									<table align="left" cellspacing="0">\r\n										<tbody>\r\n											<tr>\r\n												<td style="padding-right: 15px;" valign="top">\r\n													<div>\r\n														<img src="http://k14.vcmedia.vn/Images/Uploaded/Share/2011/2/25/2236/110225mbtocque52.jpg" style="border: 1px solid rgb(0, 0, 0);" /></div>\r\n													<div>\r\n														&nbsp;</div>\r\n													<div>\r\n														&nbsp;</div>\r\n												</td>\r\n											</tr>\r\n										</tbody>\r\n									</table>\r\n									<div>\r\n										<span style="font-weight: bold; text-decoration: underline;">Bước 5:</span></div>\r\n									<div>\r\n										&nbsp;</div>\r\n									<div align="justify">\r\n										<span style="font-style: italic;">- Khi vừa lấy b&aacute;nh ra khỏi l&ograve;, c&aacute;c bạn nhanh tay cuốn b&aacute;nh lại th&agrave;nh h&igrave;nh ốc quế nh&eacute;! Bước n&agrave;y&nbsp;cần cẩn thận&nbsp;ch&uacute;t x&iacute;u bởi b&aacute;nh vẫn c&ograve;n rất n&oacute;ng m&agrave;.</span></div>\r\n								</td>\r\n							</tr>\r\n							<tr>\r\n								<td style="padding-left: 15px; font-family: Arial; color: rgb(51, 51, 51); font-size: 12px;" valign="top">\r\n									<table align="left" cellspacing="0">\r\n										<tbody>\r\n											<tr>\r\n												<td style="padding-right: 15px;" valign="top">\r\n													<div>\r\n														<img src="http://k14.vcmedia.vn/Images/Uploaded/Share/2011/2/25/2236/110225mbtocque62.jpg" style="border: 1px solid rgb(0, 0, 0);" /></div>\r\n													<div>\r\n														&nbsp;</div>\r\n													<div>\r\n														&nbsp;</div>\r\n												</td>\r\n											</tr>\r\n										</tbody>\r\n									</table>\r\n									<div>\r\n										<span style="font-weight: bold; text-decoration: underline;">Bước 6:</span></div>\r\n									<div>\r\n										&nbsp;</div>\r\n									<div align="justify">\r\n										<span style="font-style: italic;">- Đun chảy chocolate ra n&agrave;o!</span></div>\r\n								</td>\r\n							</tr>\r\n							<tr>\r\n								<td style="padding-left: 15px; font-family: Arial; color: rgb(51, 51, 51); font-size: 12px;" valign="top">\r\n									<table align="left" cellspacing="0">\r\n										<tbody>\r\n											<tr>\r\n												<td style="padding-right: 15px;" valign="top">\r\n													<div>\r\n														<img src="http://k14.vcmedia.vn/Images/Uploaded/Share/2011/2/25/2236/110225mbtocque72.jpg" style="border: 1px solid rgb(0, 0, 0);" /></div>\r\n													<div>\r\n														&nbsp;</div>\r\n												</td>\r\n											</tr>\r\n										</tbody>\r\n									</table>\r\n									<div>\r\n										<span style="font-weight: bold; text-decoration: underline;">Bước 7:</span></div>\r\n									<div>\r\n										&nbsp;</div>\r\n									<div align="justify">\r\n										<span style="font-style: italic;">- Sau đ&oacute;, nh&uacute;ng 1 đầu của ốc quế v&agrave;o chocolate n&egrave; hoặc c&aacute;c bạn c&oacute; thể tr&aacute;ng chocolate v&agrave;o b&ecirc;n trong ốc quế cũng được r&ugrave;i bơm đầy kem v&ocirc; l&agrave; xong.</span></div>\r\n								</td>\r\n							</tr>\r\n						</tbody>\r\n					</table>\r\n				</td>\r\n			</tr>\r\n			<tr>\r\n				<td align="left" style="padding-left: 3px;" width="100%">\r\n					<div>\r\n						<span style="font-family: Arial; color: rgb(0, 0, 0); font-size: 12px; font-weight: bold;">C&aacute;c bạn để kem lạnh một ch&uacute;t ăn cho ngon nh&aacute;! </span></div>\r\n					<div>\r\n						&nbsp;</div>\r\n					<div>\r\n						&nbsp;</div>\r\n				</td>\r\n			</tr>\r\n			<tr>\r\n				<td align="center" style="padding-left: 3px;" width="100%">\r\n					<div align="center">\r\n						<img _fl="" align="middle" src="http://k14.vcmedia.vn/Images/Uploaded/Share/2011/02/25/110225MBTocquesp1.jpg" style="margin: 5px;" width="500" /></div>\r\n					<div align="center">\r\n						<span style="font-style: italic;">Chiếc ốc quế n&agrave;y sẽ thơm hơn hẳn so với c&aacute;c loại th&ocirc;ng thường đấy! </span></div>\r\n					<div align="center">\r\n						&nbsp;</div>\r\n					<div align="center">\r\n						&nbsp;</div>\r\n					<div align="center">\r\n						<img _fl="" align="middle" src="http://k14.vcmedia.vn/Images/Uploaded/Share/2011/02/25/110225MBTocquesp2.jpg" style="margin: 5px;" width="500" /></div>\r\n					<div align="center">\r\n						<span style="font-style: italic;">Nếu kh&ocirc;ng uốn th&agrave;nh h&igrave;nh ốc quế được th&igrave; m&igrave;nh c&oacute; thể ăn theo kiểu n&agrave;y nh&eacute;! <span style="display: none;">&nbsp;</span></span></div>\r\n				</td>\r\n			</tr>\r\n		</tbody>\r\n	</table>\r\n</div>\r\n<p>\r\n	&nbsp;</p>\r\n', '110225MBTocquesp2.jpg', NULL, 1);

-- --------------------------------------------------------

-- 
-- Table structure for table `news`
-- 

CREATE TABLE `news` (
  `NewsId` int(11) NOT NULL auto_increment,
  `NewsContent` longtext NOT NULL,
  `NewsTitle` varchar(200) NOT NULL,
  `NewsNote` varchar(500) NOT NULL,
  `NewsDate` datetime NOT NULL,
  `NewsImage` varchar(100) NOT NULL,
  `NewsStatus` tinyint(4) NOT NULL default '1',
  PRIMARY KEY  (`NewsId`)
) ENGINE=MyISAM  DEFAULT CHARSET=utf8 AUTO_INCREMENT=29 ;

-- 
-- Dumping data for table `news`
-- 

INSERT INTO `news` VALUES (23, '<p>\r\n	Bất k&igrave; ai cũng phải ng&acirc;y ngất đến&hellip; m&ecirc; mẩn khi nh&igrave;n thấy chiếc b&aacute;nh ngon tuyệt n&agrave;y.</p>\r\n<p>\r\n	<img alt="" src="http://localhost:8888/Project-C1007M-Nhom2/upload/data/boeum1280910846.jpg " style="width: 150px; height: 150px" /></p>\r\n<p style="text-align: justify">\r\n	<font style="font-size: 10pt"><font style="font-family: Verdana">H&agrave;ng chục thợ b&aacute;nh l&agrave;nh nghề đến từ c&aacute;c doanh nghiệp thực phẩm ở th&agrave;nh phố Mexico Ctiy, Mexico đ&atilde; tập trung tại quảng trường để ho&agrave;nh th&agrave;nh n&ecirc;n một chiếc b&aacute;nh sandwich khổng lồ. Với chiều d&agrave;i 48 m&eacute;t, chiếc b&aacute;nh sandwich n&agrave;y đ&atilde; ph&aacute; vỡ kỉ lục b&aacute;nh sandwich được ghi v&agrave;o kỉ lục Guinness trước đ&oacute;. Chiếc b&aacute;nh sandwich được l&agrave;m trước kia chỉ d&agrave;i 46 m&eacute;t, nặng 750 kg v&agrave; được thiết lập v&agrave;o năm 2009 cũng tại th&agrave;nh phố Mexico City.</font></font></p>\r\n<p style="text-align: center">\r\n	<img alt="" src="http://localhost:8888/Project-C1007M-Nhom2/upload/data/boeum1280910846.jpg " style="width: 250px; height: 250px" /></p>\r\n<p style="text-align: center">\r\n	<font style="color: rgb(0,0,255)"><em><font style="font-size: 10pt"><font style="font-family: Verdana">Chiếc b&aacute;nh sandwich khổng lồ</font></font></em></font></p>\r\n<p style="text-align: justify">\r\n	<font style="font-size: 10pt"><font style="font-family: Verdana">Tuy nhi&ecirc;n điều đ&aacute;ng buồn ở đ&acirc;y l&agrave; chiếc sandwich n&agrave;y kh&ocirc;ng được tổ chức Guinness c&ocirc;ng nhận, bởi theo &yacute; kiến từ ph&iacute;a những người cầm c&acirc;n nảy mực th&igrave; chiếc b&aacute;nh n&agrave;y chưa đủ độ &lsquo;đặc biệt&rsquo; để được ghi danh. Tuy nhi&ecirc;n người d&acirc;n Mexico vẫn rất h&aacute;o hức với chiếc b&aacute;nh mới v&agrave; vui mừng v&igrave; th&agrave;nh t&iacute;ch m&agrave; họ lập được. &Ocirc;ng Jose Luis Valenzuela&nbsp; - gi&aacute;m đốc của National Bakery Chamber cho biết.</font></font></p>\r\n<p style="text-align: justify">\r\n	<font style="font-size: 10pt"><font style="font-family: Verdana">Người Mexico kh&ocirc;ng cảm thấy buồn v&igrave; th&agrave;nh t&iacute;ch của họ kh&ocirc;ng được kỉ lục Guinness c&ocirc;ng nhận. &ldquo;Ch&uacute;ng t&ocirc;i l&agrave;m chiếc b&aacute;nh n&agrave;y trước hết với một mục đ&iacute;ch, đ&oacute; l&agrave; kh&iacute;ch lệ việc ăn uống của người d&acirc;n Mexico. Trong những năm gần đ&acirc;y, người Mexico bị mắc phải một căn bệnh đ&oacute; l&agrave;&hellip; lười ăn. V&igrave; vậy chiếc b&aacute;nh sandwich khổng lồ n&agrave;y</font></font> <font style="font-size: 10pt"><font style="font-family: Verdana">được l&agrave;m ra l&agrave; để khuyến kh&iacute;ch người d&acirc;n n&ecirc;n ăn uống nhiều hơn nữa&rdquo;.</font></font></p>\r\n<p style="text-align: justify">\r\n	<font style="font-size: 10pt"><font style="font-family: Verdana">Chiếc b&aacute;nh sandwich Torta l&agrave; một loại b&aacute;nh truyền thống rất được ưa chuộng ở Mexico. Th&agrave;nh phần l&agrave;m b&aacute;nh bao gồm thịt, thịt g&agrave;, đậu, h&agrave;nh, mayonnaise, c&agrave; chua, ớt v&agrave; bột m&igrave;.</font></font></p>\r\n', 'Chiếc bánh Sandwich Torta lớn nhất thế giới', 'Chúng mình tiếp tục cập nhật những xì tai đón mùa đông trên thế giới nhé!', '2011-03-07 13:50:42', 'boeum1280910846.jpg', 1);
INSERT INTO `news` VALUES (24, '<p>\r\n	Đặc biệt m&oacute;n n&agrave;y rất thanh v&agrave; kh&ocirc;ng b&eacute;o nh&eacute;!</p>\r\n<p>\r\n	<img alt="" src="http://localhost:8888/Project-C1007M-Nhom2/upload/data/20100905mbtcupcakehoaquanl2.jpg " style="width: 200px; height: 133px;" /></p>\r\n<p>\r\n	&nbsp;</p>\r\n<table border="0" cellpadding="0" cellspacing="0" width="100%">\r\n	<tbody>\r\n		<tr>\r\n			<td align="left">\r\n				<div>\r\n					Chuẩn bị những nguy&ecirc;n liệu sau:</div>\r\n				<div>\r\n					&nbsp;</div>\r\n				<div>\r\n					&nbsp;</div>\r\n			</td>\r\n		</tr>\r\n		<tr>\r\n			<td align="left">\r\n				<table border="0" cellpadding="0" cellspacing="0" width="100%">\r\n					<tbody>\r\n						<tr>\r\n							<td>\r\n								<table align="left" cellspacing="0">\r\n									<tbody>\r\n										<tr>\r\n											<td>\r\n												<div>\r\n													&nbsp;</div>\r\n												<div>\r\n													&nbsp;</div>\r\n												<div>\r\n													&nbsp;</div>\r\n											</td>\r\n										</tr>\r\n									</tbody>\r\n								</table>\r\n								<p align="justify">\r\n									<img alt="" src="http://localhost:8888/Project-C1007M-Nhom2/upload/data/20100905mbtcupcakehoaqua12.jpg " style="width: 200px; height: 133px;" />- Dưa bở xanh, v&agrave;ng (m&igrave;nh c&oacute; thể thay thế bằng tr&aacute;i c&acirc;y kh&aacute;c như l&ecirc;, t&aacute;o, dưa hấu)</p>\r\n								<p align="justify">\r\n									- Ống h&uacute;t</p>\r\n							</td>\r\n						</tr>\r\n					</tbody>\r\n				</table>\r\n			</td>\r\n		</tr>\r\n		<tr>\r\n			<td align="left">\r\n				&nbsp;</td>\r\n		</tr>\r\n		<tr>\r\n			<td align="left">\r\n				<table border="0" cellpadding="0" cellspacing="0" width="100%">\r\n					<tbody>\r\n					</tbody>\r\n				</table>\r\n			</td>\r\n		</tr>\r\n		<tr>\r\n			<td align="left">\r\n				<div>\r\n					Đến phần h&agrave;nh động n&agrave;y: &gt;:D&lt;</div>\r\n				<div>\r\n					&nbsp;</div>\r\n				<div>\r\n					&nbsp;</div>\r\n			</td>\r\n		</tr>\r\n		<tr>\r\n			<td align="left">\r\n				<table border="0" cellpadding="0" cellspacing="10" width="100%">\r\n					<tbody>\r\n						<tr>\r\n							<td>\r\n								<table align="left" cellspacing="0">\r\n									<tbody>\r\n										<tr>\r\n											<td>\r\n												<div>\r\n													<img src="http://localhost:8888/Project-C1007M-Nhom2/upload/data/20100905mbtcupcakehoaqua22.jpg " style="border: 1px solid rgb(0, 0, 0); height: 133px; width: 200px;" /></div>\r\n												<div>\r\n													&nbsp;</div>\r\n												<div>\r\n													&nbsp;</div>\r\n											</td>\r\n										</tr>\r\n									</tbody>\r\n								</table>\r\n								<p align="justify">\r\n									Bước 1:</p>\r\n								<p align="justify">\r\n									- Dưa rửa sạch gọt bỏ vỏ n&egrave;.</p>\r\n							</td>\r\n						</tr>\r\n						<tr>\r\n							<td>\r\n								<table align="left" cellspacing="0">\r\n									<tbody>\r\n										<tr>\r\n											<td>\r\n												<div>\r\n													<img src="http://localhost:8888/Project-C1007M-Nhom2/upload/data/20100905mbtcupcakehoaqua32.jpg " style="border: 1px solid rgb(0, 0, 0); height: 133px; width: 200px;" /></div>\r\n												<div>\r\n													&nbsp;</div>\r\n												<div>\r\n													&nbsp;</div>\r\n											</td>\r\n										</tr>\r\n									</tbody>\r\n								</table>\r\n								<p align="justify">\r\n									Bước 2:</p>\r\n								<p align="justify">\r\n									- Cắt dưa th&agrave;nh từng miếng h&igrave;nh tr&ograve;n nha. M&igrave;nh cần 1 miếng nhỏ v&agrave; 1 miếng lớn hơn ch&uacute;t x&iacute;u đ&oacute;!</p>\r\n							</td>\r\n						</tr>\r\n						<tr>\r\n							<td>\r\n								<table align="left" cellspacing="0">\r\n									<tbody>\r\n										<tr>\r\n											<td>\r\n												<div>\r\n													<img src="http://localhost:8888/Project-C1007M-Nhom2/upload/data/20100905mbtcupcakehoaqua42.jpg " style="border: 1px solid rgb(0, 0, 0); height: 133px; width: 200px;" /></div>\r\n												<div>\r\n													&nbsp;</div>\r\n												<div>\r\n													&nbsp;</div>\r\n											</td>\r\n										</tr>\r\n									</tbody>\r\n								</table>\r\n								<p align="justify">\r\n									Bước 3:</p>\r\n								<p align="justify">\r\n									- Lọc bỏ hạt v&agrave; d&ugrave;ng th&igrave;a m&uacute;c bỏ phần ruột b&ecirc;n trong n&agrave;.</p>\r\n							</td>\r\n						</tr>\r\n						<tr>\r\n							<td>\r\n								<table align="left" cellspacing="0">\r\n									<tbody>\r\n										<tr>\r\n											<td>\r\n												<div>\r\n													<img src="http://localhost:8888/Project-C1007M-Nhom2/upload/data/20100905mbtcupcakehoaqua52.jpg " style="border: 1px solid rgb(0, 0, 0); width: 200px; height: 133px;" /></div>\r\n												<div>\r\n													&nbsp;</div>\r\n												<div>\r\n													&nbsp;</div>\r\n											</td>\r\n										</tr>\r\n									</tbody>\r\n								</table>\r\n								<p align="justify">\r\n									Bước 4:</p>\r\n								<p align="justify">\r\n									- D&ugrave;ng một&nbsp;&iacute;t nho kho hoặc chocolate chip&nbsp;l&agrave;m nh&acirc;n. Cho nh&acirc;n v&agrave;o trong rồi cắm đoạn ống h&uacute;t v&agrave;o giữa nh&eacute;!</p>\r\n							</td>\r\n						</tr>\r\n						<tr>\r\n							<td>\r\n								<table align="left" cellspacing="0">\r\n									<tbody>\r\n										<tr>\r\n											<td>\r\n												<div>\r\n													<img src="http://localhost:8888/Project-C1007M-Nhom2/upload/data/20100905mbtcupcakehoaquanl2.jpg " style="border: 1px solid rgb(0, 0, 0); height: 133px; width: 200px;" /></div>\r\n												<div>\r\n													&nbsp;</div>\r\n											</td>\r\n										</tr>\r\n									</tbody>\r\n								</table>\r\n								<p align="justify">\r\n									Bước 5:</p>\r\n								<p align="justify">\r\n									- Đ&acirc;m xuy&ecirc;n phần nắp qua ống h&uacute;t v&agrave; cắt bỏ đoạn ống h&uacute;t thừa. Nhớ chừa lại 1 đoạn để cắm quả cherry l&ecirc;n tr&ecirc;n nữa nh&eacute;.</p>\r\n								<p align="justify">\r\n									&nbsp;</p>\r\n								<p align="justify">\r\n									D&ugrave;ng dưa hấu thay thế cherry cũng ukie nha!</p>\r\n							</td>\r\n						</tr>\r\n					</tbody>\r\n				</table>\r\n			</td>\r\n		</tr>\r\n		<tr>\r\n			<td align="left">\r\n				<div>\r\n					Ai măm cupcake gi&ograve;n m&aacute;t hem?<img src="http://localhost:8888/Project-C1007M-Nhom2/upload/data/20100905MBTcupcakehoaquasp1.jpg " style="width: 200px; height: 133px;" /></div>\r\n				<div>\r\n					&nbsp;</div>\r\n				<div>\r\n					&nbsp;</div>\r\n			</td>\r\n		</tr>\r\n		<tr>\r\n			<td align="middle">\r\n				<div align="center">\r\n					&nbsp;</div>\r\n				<div align="center">\r\n					Hấp dẫn w&aacute; đi thui!</div>\r\n				<div align="center">\r\n					&nbsp;</div>\r\n				<div align="center">\r\n					Đủ m&agrave;u sắc với c&aacute;c hương vị kh&aacute;c nhau để lựa chọn n&agrave;!</div>\r\n			</td>\r\n		</tr>\r\n	</tbody>\r\n</table>\r\n<div style="clear: both;">\r\n	&nbsp;</div>\r\n<div>\r\n	&nbsp;</div>\r\n', 'CupCake Dừa', 'Chúng mình tiếp tục cập nhật những xì tai đón mùa đông trên thế giới nhé!', '2011-03-07 14:04:06', '20100905mbtcupcakehoaquanl2.jpg', 1);
INSERT INTO `news` VALUES (26, '<p>\r\n	Phải n&oacute;i rằng đồ ăn đường phố lu&ocirc;n c&oacute; một sức h&uacute;t đến k&igrave; lạ v&agrave; điều n&agrave;y cũng kh&ocirc;ng hề sai ở H&agrave;n Quốc!</p>\r\n<div>\r\n	<p align="justify">\r\n		Xứ sở H&agrave;n Quốc xinh đẹp sẽ kh&ocirc;ng hề l&agrave;m bạn thất vọng khi dạo v&ograve;ng quanh những con đường ở nơi đ&acirc;y, những điều ghi lại trong t&acirc;m tr&iacute; bạn sẽ kh&ocirc;ng chỉ l&agrave; những con đường l&aacute; v&agrave;ng thơ mộng, những chiếc cầu tuyệt đẹp, những t&ograve;a nh&agrave; cao lớn&hellip; m&agrave; c&ograve;n l&agrave; những hương vị đ&aacute;ng nhớ m&agrave; bạn kh&oacute; t&igrave;m thấy ở bất cứ nơi n&agrave;o kh&aacute;c. Lắng nghe những lời t&acirc;m sự của những người du kh&aacute;ch khi được hỏi về chuyến du lịch của họ tại H&agrave;n Quốc, điều m&agrave; họ nhớ nhất đ&oacute; ch&iacute;nh l&agrave; những m&oacute;n ăn H&agrave;n Quốc. Điều đặc biệt đ&oacute; l&agrave; những m&oacute;n ăn để lại ấn tượng nơi họ kh&ocirc;ng phải l&agrave; những m&oacute;n ăn tại những nh&agrave; h&agrave;ng đắt tiền sang trọng m&agrave; lại ở những nơi b&igrave;nh d&acirc;n nhất như c&aacute;c khu chợ hay ngay tr&ecirc;n những vỉa h&egrave;. Thật sự rất th&uacute; vị khi bạn đi du lịch tr&ecirc;n phố v&agrave; kh&aacute;m ph&aacute; những &ldquo;đặc sản&rdquo; được b&agrave;y b&aacute;n nơi vỉa h&egrave;. Một menu với những m&oacute;n ăn sang trọng v&agrave; đắt tiền thật sự kh&ocirc;ng cần thiết; tất cả những g&igrave; bạn cần l&agrave; chọn bất k&igrave; một thứ g&igrave; c&oacute; vẻ ăn được v&agrave; tr&ocirc;ng bắt mắt ở tr&ecirc;n phố. Kh&ocirc;ng chỉ vậy, nếu thưởng thức những thức ăn của người địa phương, bạn sẽ c&ograve;n học th&ecirc;m được rất nhiều điều về nơi m&agrave; họ sinh sống cũng như những phong tục tập qu&aacute;n của họ. Ch&uacute;ng m&igrave;nh c&ugrave;ng t&igrave;m hiểu xem những m&oacute;n ăn để lại ấn tượng s&acirc;u sắc với du kh&aacute;ch mỗi khi họ đi dạo tr&ecirc;n Seoul nh&eacute;!</p>\r\n	<p align="justify">\r\n		Những m&oacute;n ăn đầu ti&ecirc;n được nhắc tới trong danh s&aacute;ch n&agrave;y ch&iacute;nh l&agrave; những m&oacute;n ăn d&acirc;n d&atilde; v&agrave; v&ocirc; c&ugrave;ng phổ biến m&agrave; bạn c&oacute; thể mua được tại bất k&igrave; g&oacute;c phố n&agrave;o ở th&agrave;nh phố Seoul. Chắc hẳn những c&aacute;i t&ecirc;n tteokbokki, sundae, gunmandu, v&agrave; eomuk đ&atilde; kh&aacute; quen thuộc đối với những bạn ưa th&iacute;ch ẩm thực H&agrave;n Quốc. Tteokbokki được chế biến từ m&oacute;n b&aacute;nh gạo mang t&ecirc;n garaetteok x&agrave;o c&ugrave;ng với tương ớt cay (được gọi l&agrave; gochujang), v&igrave; vậy tteokbokki thường rất cay v&agrave; ngon hơn khi ăn n&oacute;ng.</p>\r\n	<p align="center">\r\n		<img alt="" src="http://localhost:8888/Project-C1007M-Nhom2/upload/data/HQ1.jpg " /></p>\r\n	<p align="justify">\r\n		Sundae (được l&agrave;m bằng ruột lợn nhồi dangmyeon, l&uacute;a mạch, tiết lợn, một số biến thể c&oacute; th&ecirc;m l&aacute; t&iacute;a t&ocirc;, h&agrave;nh l&aacute; v&agrave; doenjang, gạo nếp, kim chi, mầm đậu tương&hellip; m&oacute;n n&agrave;y c&oacute; h&igrave;nh d&aacute;ng gần giống với m&oacute;n dồi lợn ở Việt Nam) v&agrave; gunmandu (b&aacute;nh bao r&aacute;n) c&ugrave;ng với một b&aacute;t đầy s&uacute;p eomuk n&oacute;ng hổi (chả c&aacute;) trong một ng&agrave;y gi&aacute; lạnh của xứ H&agrave;n l&agrave; m&oacute;n ăn kho&aacute;i khẩu của rất nhiều người H&agrave;n Quốc đặc biệt l&agrave; những nữ sinh tại đ&acirc;y. Những người b&aacute;n h&agrave;ng thường tập trung ở c&aacute;c ga t&agrave;u điện ngầm nhưng với m&oacute;n tteokbokki th&igrave; bạn sẽ dễ d&agrave;ng t&igrave;m thấy ở nh&agrave; ga Sinchon v&agrave; đại học Hongik, nơi tập trung chủ yếu của những quầy h&agrave;ng tteokbokki.</p>\r\n	<div align="center">\r\n		<img alt="" src="http://localhost:8888/Project-C1007M-Nhom2/upload/data/HQ4.jpg " /></div>\r\n	<div align="center">\r\n		&nbsp;</div>\r\n	<div align="center">\r\n		&nbsp;</div>\r\n	<div align="center">\r\n		&nbsp;</div>\r\n	<div align="center">\r\n		<img alt="" src="http://localhost:8888/Project-C1007M-Nhom2/upload/data/HQ6.jpg " /><img alt="" src="http://localhost:8888/Project-C1007M-Nhom2/upload/data/HQ5.jpg " /></div>\r\n	<div align="center">\r\n		&nbsp;</div>\r\n	<div align="center">\r\n		M&oacute;n chả c&aacute; xi&ecirc;n rất hay xuất hiện trong c&aacute;c phim H&agrave;n Quốc.</div>\r\n	<p align="justify">\r\n		Ở nhiều quốc gia tr&ecirc;n thế giới, họ thường kh&ocirc;ng ăn nội tạng của động vật, nhưng nếu dạo quanh Seoul, bạn sẽ bắt m&oacute;n gopchang, được l&agrave;m từ những phần ruột non của b&ograve; hay lợn. M&oacute;n gopchang r&aacute;n thường được b&aacute;n c&ugrave;ng với sundae r&aacute;n tại rất nhiều quầy h&agrave;ng tập trung gần khu vực s&acirc;n vận động Dongdaemun. Gopchang nổi tiếng bởi hương vị đặc trưng v&agrave; gi&aacute; th&agrave;nh kh&aacute; rẻ, đặc biệt sẽ kh&ocirc;ng c&ograve;n g&igrave; bằng nếu thưởng thức gopchang c&ugrave;ng với rượu Soju &ndash; loại rượu nổi tiếng của H&agrave;n Quốc.</p>\r\n	<p align="center">\r\n		<img alt="" src="http://localhost:8888/Project-C1007M-Nhom2/upload/data/HQ7.jpg " /></p>\r\n	<p align="justify">\r\n		Nếu bạn muốn ăn no cho bữa trưa, hay bữa tối khi bạn đang đi dạo tr&ecirc;n đường phố, bạn c&oacute; thể t&igrave;m kiếm m&oacute;n b&aacute;nh m&igrave; nướng với 2 l&aacute;t b&aacute;nh m&igrave; kẹp b&ecirc;n trong l&agrave; trứng r&aacute;n c&ugrave;ng với những loại rau củ được th&aacute;i l&aacute;t v&iacute; dụ như l&agrave; h&agrave;nh t&acirc;y v&agrave; c&agrave; rốt. Đ&acirc;y l&agrave; một m&oacute;n ăn ưa th&iacute;ch của những người lao động v&agrave; được b&aacute;n rất nhiều ở những ga t&agrave;u điện ngầm.</p>\r\n	<p align="center">\r\n		<img alt="" src="http://localhost:8888/Project-C1007M-Nhom2/upload/data/HQ7.jpg " style="width: 500px; height: 374px" /></p>\r\n	<p align="justify">\r\n		Nhắc tới H&agrave;n Quốc, kh&ocirc;ng thể kh&ocirc;ng nhắc tới gimbap, m&oacute;n ăn hầu như c&oacute; mặt ở khắp mọi nơi, cho d&ugrave; l&agrave; ở c&aacute;c nh&agrave; h&agrave;ng lớn, si&ecirc;u thị hay ngay cả những quầy h&agrave;ng nhỏ ven đường. M&oacute;n cơm cuốn n&agrave;y được cuộn bởi l&aacute; rong biển b&ecirc;n trong l&agrave; cơm, dưa chuột, củ cải, trứng, chả c&aacute;, thịt lợn hoặc thị b&ograve;, c&agrave; rốt, rau ch&acirc;n vịt&hellip; Gimbap được tạo th&agrave;nh với rất nhiều h&igrave;nh d&aacute;ng kh&aacute;c nhau, c&oacute; những loại gimbap h&igrave;nh tam gi&aacute;c rất lớn nhưng cũng c&oacute; những loại bimbap chỉ nhỏ cỡ ng&oacute;n tay. Nếu bạn t&igrave;m đến với khu chợ Gwangjang gần s&ocirc;ng Cheonggyecheon v&agrave; bạn sẽ thấy rất nhiều cửa h&agrave;ng b&aacute;n gimbap nổi tiếng với chỉ 2000 Won (khoảng 27K tiền Việt) một đĩa gimbap. Nơi đ&acirc;y c&ograve;n c&oacute; những lời đồn vui rằng gimbap c&ograve;n dễ bị nghiện hơn cả heroin. Dĩ nhi&ecirc;n, đ&acirc;y chỉ l&agrave; một lời n&oacute;i vui của những người d&acirc;n nơi đ&acirc;y.</p>\r\n	<p align="center">\r\n		<img alt="" src="http://localhost:8888/Project-C1007M-Nhom2/upload/data/HQ8.jpg " /></p>\r\n	<p align="justify">\r\n		Tại những đường phố Seoul c&ograve;n c&oacute; một m&oacute;n ăn rất hấp dẫn đối với c&aacute;c chị em phụ nữ v&igrave; ch&uacute;ng cung cấp &iacute;t calo, m&agrave; lại rất ngon. Đ&oacute; ch&iacute;nh l&agrave; m&oacute;n ppeongtwigi, được biết đến l&agrave; một m&oacute;n gạo nổ, gần giống với bỏng ng&ocirc; của người phương T&acirc;y. C&oacute; rất nhiều loại ppeongtwigi được t&igrave;m thấy tr&ecirc;n phố bao gồm tuibap, được l&agrave;m từ gạo, gangnaengi, được l&agrave;m từ ng&ocirc; v&agrave; tteok ppeongtwigi được l&agrave;m từ gạo sau đ&oacute; l&agrave;m th&agrave;nh b&aacute;nh.</p>\r\n	<p align="center">\r\n		<img alt="" src="http://localhost:8888/Project-C1007M-Nhom2/upload/data/HQ9.jpg " /></p>\r\n	<p align="justify">\r\n		Gh&eacute; qua khu chợ Myeongdong nổi tiếng, bạn sẽ được thưởng thức một m&oacute;n ăn v&ocirc; c&ugrave;ng lạ miệng, đ&oacute; ch&iacute;nh l&agrave; kem mềm. Chiếc kem mềm ở nơi đ&acirc;y đặc biệt nổi tiếng bởi ch&uacute;ng d&agrave;i tới 32cm, gấp 3 lần những chiếc kem b&igrave;nh thường. C&oacute; lẽ ch&iacute;nh v&igrave; thế m&agrave; kể cả khi m&ugrave;a đ&ocirc;ng đến, nơi đ&acirc;y vẫn lu&ocirc;n thu h&uacute;t được đ&ocirc;ng đảo kh&aacute;ch h&agrave;ng. Nếu bạn kh&ocirc;ng thể t&igrave;m được tới Myeongdong, bạn cũng c&oacute; thể dễ d&agrave;ng t&igrave;m thấy m&oacute;n kem mềm tại gần những cửa h&agrave;ng v&agrave; si&ecirc;u thị ở c&aacute;c con phố lớn, với gi&aacute; chỉ dao động từ 1000W đến 1500W (khoảng 18k đến 27k).</p>\r\n	<p align="center">\r\n		<img alt="" src="http://localhost:8888/Project-C1007M-Nhom2/upload/data/HQ11.jpg " /></p>\r\n	<p align="justify">\r\n		V&agrave;o những ng&agrave;y lễ hay cuối tuần, khu vực cửa h&agrave;ng Tongin ở Insadong tập trung rất đ&ocirc;ng người đến đ&acirc;y để xem mật ong được trải ra v&agrave; quay tr&ograve;n trong một cục mật ong c&ugrave;ng muối cho đến khi ch&uacute;ng tạo th&agrave;nh một thứ như lụa v&agrave; được cuốn lại th&agrave;nh những tổ k&eacute;n với t&ecirc;n gọi l&agrave; Kkultaraeyeot (hay c&ograve;n gọi l&agrave; Yongsuyeom). Đ&acirc;y l&agrave; một m&oacute;n ăn đặc sản của Insadong, kkultaraeyeot thường được trộn c&ugrave;ng với hạnh nh&acirc;n, cocoa, lạc v&agrave; quả &oacute;c ch&oacute;.</p>\r\n	<div align="center">\r\n		<img alt="" src="http://localhost:8888/Project-C1007M-Nhom2/upload/data/HQ12.jpg " /></div>\r\n	<div align="center">\r\n		H&igrave;nh ảnh một quầy h&agrave;ng b&aacute;n Kkultaraeyeot.</div>\r\n	<p align="justify">\r\n		Một m&oacute;n ăn nhẹ độc nhất v&ocirc; nhị của H&agrave;n Quốc được l&agrave;m từ bột m&igrave; nh&agrave;o kĩ v&agrave; ở trong được độn với đường n&acirc;u, quế, vừng v&agrave; lạc được nghiền nhỏ, ch&iacute;nh l&agrave; hotteok. Bột m&igrave; được nh&agrave;o kĩ v&agrave; được d&aacute;t mỏng th&agrave;nh những miếng lớn h&igrave;nh tr&ograve;n. Một trong những cửa h&agrave;ng nổi tiếng b&aacute;n hotteok l&agrave; cửa h&agrave;ng b&aacute;n hotteok ng&ocirc; được b&aacute;n tại Teolbone ở Insadong. Những người b&aacute;n hotteok c&ograve;n được t&igrave;m thấy nhiều ở những nơi đ&ocirc;ng đ&uacute;c hoặc c&oacute; lễ hội như l&agrave; khu vực chợ Namdaemun.</p>\r\n	<div align="center">\r\n		&nbsp;</div>\r\n	<div align="center">\r\n		&nbsp;</div>\r\n	<div align="center">\r\n		<img alt="" src="http://localhost:8888/Project-C1007M-Nhom2/upload/data/HQ14.jpg " /><img alt="" src="http://localhost:8888/Project-C1007M-Nhom2/upload/data/HQ15.jpg " /></div>\r\n	<div align="center">\r\n		Cận cảnh chiếc b&aacute;nh hotteok.</div>\r\n	<p align="justify">\r\n		Ở H&agrave;n Quốc c&ograve;n c&oacute; một m&oacute;n ăn đ&atilde; kh&aacute; &ldquo;c&oacute; tuổi&rdquo; đ&atilde; được lớp trẻ ưa th&iacute;ch từ những năm 70, 80 cho đến nay. M&oacute;n ăn c&oacute; t&ecirc;n gọi l&agrave; Dalgona Ppopgi, một m&oacute;n ăn nhẹ v&ocirc; c&ugrave;ng phổ biến, được l&agrave;m từ đường đun chảy c&ugrave;ng với soda nướng, nghe rất lạ phải kh&ocirc;ng c&aacute;c bạn? M&oacute;n n&agrave;y hiện nay vẫn được b&aacute;n tại Insadong hay khu si&ecirc;u thị Hyundai ở Sinchon.</p>\r\n	<p align="center">\r\n		<img alt="" src="http://localhost:8888/Project-C1007M-Nhom2/upload/data/HQ16.jpg " /></p>\r\n	<p align="justify">\r\n		Đường phố H&agrave;n Quốc dường như rất phong ph&uacute;, nếu kh&ocirc;ng biết bạn c&oacute; thể nhầm tưởng rằng đang thưởng thức m&oacute;n &ldquo;Satay&rdquo; của Th&aacute;i Lan khi nếm thử m&oacute;n g&agrave;: Chicken kkochi của H&agrave;n Quốc. M&oacute;n ăn n&agrave;y thực chất l&agrave; m&oacute;n thịt g&agrave; nướng thường được sử dụng với loại tương ớt gojuchang đặc trưng của H&agrave;n Quốc. M&oacute;n thịt g&agrave; nướng n&agrave;y được ăn k&egrave;m với b&aacute;nh gạo v&agrave; x&uacute;c x&iacute;ch hoặc thịt g&agrave; v&agrave; bạn c&oacute; thể ăn bất k&igrave; thứ g&igrave; bạn muốn. V&agrave; nếu c&oacute; cơ hội gh&eacute; thăm đất nước n&agrave;y, bạn h&atilde;y nhớ gh&eacute; qua một cửa h&agrave;ng b&aacute;n m&oacute;n g&agrave; kkochi rất nổi tiếng gần khu vực ga Apgujeong.</p>\r\n	<p align="center">\r\n		<img alt="" src="http://localhost:8888/Project-C1007M-Nhom2/upload/data/HQ18.jpg " /></p>\r\n	<p align="justify">\r\n		Hai m&oacute;n ăn cuối c&ugrave;ng được đề cập đến trong danh s&aacute;ch n&agrave;y ch&iacute;nh l&agrave; m&oacute;n Hot Bar v&agrave; HotDog, được l&agrave;m từ c&aacute; băm r&aacute;n kĩ v&agrave; được trộn c&ugrave;ng với nhiều loại rau quả băm nhỏ thường được sử dụng với kh&aacute; nhiều loại nước chấm bao gồm tương ớt gochujang, m&ugrave; tạc, v&agrave; những loại nước chấm tương tự. M&oacute;n ăn n&agrave;y ăn rất ngon khi c&ograve;n n&oacute;ng. M&oacute;n hotdog th&igrave; được l&agrave;m từ x&uacute;c x&iacute;ch tẩm bột v&agrave; bơ sau đ&oacute; được r&aacute;n kĩ c&ugrave;ng với khoai t&acirc;y th&aacute;i mỏng, kh&aacute; giống với m&oacute;n x&uacute;c x&iacute;ch ng&ocirc; của người Mỹ. Hot Bar v&agrave; hotdog được b&aacute;n nhiều ở những khu vực đ&ocirc;ng d&acirc;n v&agrave; c&oacute; nhiều học sinh như l&agrave; khu vực ga Gangnam v&agrave; trường đại học Ewha.</p>\r\n	<div align="center">\r\n		&nbsp;</div>\r\n	<div align="center">\r\n		&nbsp;</div>\r\n	<div align="center">\r\n		<div>\r\n			<img alt="" src="http://localhost:8888/Project-C1007M-Nhom2/upload/data/HQ20.jpg " /></div>\r\n		<div>\r\n			<img alt="" src="http://localhost:8888/Project-C1007M-Nhom2/upload/data/HQ21.jpg " /></div>\r\n	</div>\r\n	<p align="justify">\r\n		Sẽ thật tuyệt nếu đi dạo quanh tr&ecirc;n phố v&agrave; thưởng thức những m&oacute;n ăn đặc biệt ở nơi đ&acirc;y. Nếu c&oacute; dịp gh&eacute; thăm H&agrave;n Quốc, c&aacute;c bạn h&atilde;y thử t&igrave;m đến những địa chỉ như ch&uacute;ng tớ m&aacute;ch nhỏ ở tr&ecirc;n xem sao nh&eacute;, biết đ&acirc;u bạn sẽ t&igrave;m được một m&oacute;n ăn y&ecirc;u th&iacute;ch cho ri&ecirc;ng m&igrave;nh!&nbsp;</p>\r\n</div>\r\n', 'Loanh quanh thưởng thức đồ ăn đường phố ở Hàn Quốc', 'Chúng mình tiếp tục cập nhật những xì tai đón mùa đông trên thế giới nhé!', '2011-03-11 20:05:21', '110310MBThanquoc9.jpg', 1);
INSERT INTO `news` VALUES (27, '<p class="sapo">\r\n	B&aacute;nh pancake nhiều thế n&agrave;y, ăn bao giờ mới hết nhỉ?</p>\r\n<div class="content">\r\n	<div style="text-align: justify">\r\n		Để kỉ niệm ng&agrave;y b&aacute;nh kếp (pancake) theo c&aacute;ch ri&ecirc;ng của m&igrave;nh, c&aacute;c nh&acirc;n vi&ecirc;n k&ecirc;nh truyền h&igrave;nh ẩm thực của Mỹ đ&atilde; tạo ra chồng b&aacute;nh kếp cao nhất thế giới.<br />\r\n		<br />\r\n		<div style="text-align: center">\r\n			<img alt="" src="http://localhost:8888/Project-C1007M-Nhom2/upload/data/cake1.jpg " style="width: 550px; height: 550px" /><br />\r\n			<span style="font-style: italic">Chồng b&aacute;nh si&ecirc;u cao nh&eacute;.</span></div>\r\n		<br />\r\n		Chồng b&aacute;nh ấn tượng n&agrave;y được l&agrave;m trong v&ograve;ng 13 tiếng v&agrave; nguy&ecirc;n liệu gồm c&oacute; 253 quả trứng, khoảng 5 c&acirc;n bột v&agrave; hơn 26 l&iacute;t sữa. Sau nhiều giờ l&agrave;m việc chăm chỉ, họ đ&atilde; xếp 725 chiếc b&aacute;nh kếp th&agrave;nh một chồng b&aacute;nh cao 81,3cm nhằm ph&aacute; kỷ lục hiện tại của thế giới. Hiện tại thế giới c&oacute; kỷ lục chiếc b&aacute;nh kếp to nhất đo được d&agrave;i 15m v&agrave; kỷ lục người c&oacute; thể ăn được 855 chiếc b&aacute;nh trong v&ograve;ng 1 tiếng.<br />\r\n		<br />\r\n		<div style="text-align: center">\r\n			<img alt="" src="http://localhost:8888/Project-C1007M-Nhom2/upload/data/cake2.jpg " /><br style="font-style: italic" />\r\n			<span style="font-style: italic">Nh&igrave;n hấp dẫn qu&aacute;.</span></div>\r\n		<br />\r\n		<span style="font-weight: bold">Nick Thorogood</span> của k&ecirc;nh truyền h&igrave;nh ẩm thực của Mỹ cho biết: <span style="font-style: italic">&ldquo;Một trong những điểm chủ yếu nhất của thức ăn Anh l&agrave; truyền thống v&agrave; ng&agrave;y kỷ niệm của n&oacute;. Ch&uacute;ng t&ocirc;i muốn kỉ niệm ng&agrave;y b&aacute;nh kếp năm nay với một thứ g&igrave; đ&oacute; kh&aacute;c biệt v&agrave; c&aacute;ch tốt nhất để l&agrave;m điều đ&oacute; l&agrave; tạo ra một chồng b&aacute;nh kếp khổng lồ. Tất nhi&ecirc;n l&agrave; đội ngũ nh&acirc;n vi&ecirc;n của k&ecirc;nh truyền h&igrave;nh ẩm thực sẽ c&ugrave;ng nhau thưởng thức no n&ecirc; bữa tiệc n&agrave;y v&agrave;o cuối ng&agrave;y.&rdquo;</span><br />\r\n		<br />\r\n		<div style="text-align: center">\r\n			<img alt="" src="http://localhost:8888/Project-C1007M-Nhom2/upload/data/cake3.jpg " /></div>\r\n	</div>\r\n</div>\r\n', 'Chồng bánh kếp cao nhất thế giới', 'Chúng mình tiếp tục cập nhật những xì tai đón mùa đông trên thế giới nhé!', '2011-03-11 20:06:20', 'banh cake.jpg', 1);
INSERT INTO `news` VALUES (28, '<p class="sapo">\r\n	Nhiều s&ocirc;-c&ocirc;-la thế n&agrave;y th&igrave; ăn đến khi n&agrave;o mới hết?</p>\r\n<div class="content">\r\n	<div style="text-align: justify">\r\n		Một trung t&acirc;m thương mại ở Vilnius, Lithuania đ&atilde; quyết định g&acirc;y ngạc nhi&ecirc;n cho c&aacute;c kh&aacute;ch h&agrave;ng v&agrave;o ng&agrave;y Valentine bằng c&aacute;ch l&agrave;m một căn ph&ograve;ng ho&agrave;n to&agrave;n bằng s&ocirc;-c&ocirc;-la đen v&agrave; trắng.<br />\r\n		<br />\r\n		<div style="text-align: center">\r\n			<img alt="" src="http://localhost:8888/Project-C1007M-Nhom2/upload/data/socola1.jpg " /><br />\r\n			<span style="font-style: italic">1 ch&uacute; m&egrave;o nằm tr&ecirc;n ghế.</span></div>\r\n		<br />\r\n		<span style="font-weight: bold">Frederikas Jansonas </span>- người ph&aacute;t ng&ocirc;n của trung t&acirc;m thương mại Akropolis cho biết: <span style="font-style: italic">&ldquo;Ch&uacute;ng t&ocirc;i muốn tạo ra một điều đặc biệt v&agrave;o ng&agrave;y Valentin. Căn ph&ograve;ng s&ocirc;-c&ocirc;-la tr&ocirc;ng giống như một căn ph&ograve;ng truyền thống của người Lithuania&rdquo;</span>. Căn ph&ograve;ng rộng 17m2 v&agrave; c&aacute;c đồ trang tr&iacute; nội thất được l&agrave;m ho&agrave;n to&agrave;n bằng s&ocirc;-c&ocirc;-la như ch&acirc;n cắm nến, s&aacute;ch, hoa, tranh... v&agrave; tất cả đều c&oacute; thể ăn được.<br />\r\n		<br />\r\n		<div style="text-align: center">\r\n			<img alt="" src="http://localhost:8888/Project-C1007M-Nhom2/upload/data/socola2.jpg " /><br />\r\n			<span style="font-style: italic">Những b&ocirc;ng hoa hồng.</span></div>\r\n		<br />\r\n		Bảy chuy&ecirc;n gia ẩm thực đ&atilde; sử dụng 300 kg s&ocirc;-c&ocirc;-la để tạo ra căn ph&ograve;ng n&agrave;y v&agrave; nh&agrave; đi&ecirc;u khắc <span style="font-weight: bold">Mindaugas Tendziagolskis </span>đ&atilde; gọi căn ph&ograve;ng n&agrave;y l&agrave; <span style="font-style: italic">&ldquo;Nơi l&atilde;ng mạn nhất để thưởng thức bữa tối v&agrave;o ng&agrave;y Valentine&rdquo;.</span><br />\r\n		<br />\r\n		<div style="text-align: center">\r\n			<img alt="" src="http://localhost:8888/Project-C1007M-Nhom2/upload/data/socola3.jpg " /><br />\r\n			<span style="font-style: italic">Đồ ăn được l&agrave;m như thật.</span></div>\r\n		<br />\r\n		Nhưng c&aacute;c du kh&aacute;ch sẽ phải đợi một khoảng thời gian hơi l&acirc;u nếu muốn thưởng thức căn ph&ograve;ng s&ocirc;-c&ocirc;-la n&agrave;y, bởi lẽ căn ph&ograve;ng sẽ được trưng b&agrave;y cho đến ng&agrave;y 8/3 &ndash; ng&agrave;y quốc tế phụ nữ. Đến l&uacute;c đ&oacute; căn ph&ograve;ng mới được rỡ bỏ v&agrave; c&aacute;c du kh&aacute;ch c&oacute; thể nếm t&ugrave;y &yacute;.<br />\r\n		<br />\r\n		<div style="text-align: center">\r\n			<img alt="" src="http://localhost:8888/Project-C1007M-Nhom2/upload/data/socola4.jpg " /><br />\r\n			<span style="font-style: italic">Căn ph&ograve;ng to&agrave;n s&ocirc;-c&ocirc;-la n&egrave;.</span><br />\r\n			<span style="display: none">&nbsp;</span></div>\r\n	</div>\r\n</div>\r\n', 'Căn phòng sô-cô-la ', 'Chúng mình tiếp tục cập nhật những xì tai đón mùa đông trên thế giới nhé!', '2011-03-11 20:07:25', 'socola.jpg', 1);

-- --------------------------------------------------------

-- 
-- Table structure for table `orderdetail`
-- 

CREATE TABLE `orderdetail` (
  `OrdID` int(11) NOT NULL,
  `ProID` int(11) NOT NULL,
  `OdQty` int(11) NOT NULL,
  `OdPrice` double NOT NULL,
  PRIMARY KEY  (`OrdID`,`ProID`)
) ENGINE=MyISAM DEFAULT CHARSET=utf8;

-- 
-- Dumping data for table `orderdetail`
-- 

INSERT INTO `orderdetail` VALUES (100, 32, 2, 500000);
INSERT INTO `orderdetail` VALUES (100, 31, 1, 500000);
INSERT INTO `orderdetail` VALUES (101, 33, 1, 500000);
INSERT INTO `orderdetail` VALUES (102, 33, 1, 500000);
INSERT INTO `orderdetail` VALUES (103, 31, 5, 500000);
INSERT INTO `orderdetail` VALUES (104, 29, 1, 200000);
INSERT INTO `orderdetail` VALUES (105, 37, 5, 12500);
INSERT INTO `orderdetail` VALUES (106, 57, 2, 75000);
INSERT INTO `orderdetail` VALUES (107, 57, 6, 75000);
INSERT INTO `orderdetail` VALUES (107, 49, 3, 53000);
INSERT INTO `orderdetail` VALUES (107, 51, 2, 75000);
INSERT INTO `orderdetail` VALUES (108, 36, 3, 45000);
INSERT INTO `orderdetail` VALUES (109, 55, 1, 325000);
INSERT INTO `orderdetail` VALUES (110, 45, 1, 150000);
INSERT INTO `orderdetail` VALUES (111, 57, 2, 75000);
INSERT INTO `orderdetail` VALUES (112, 46, 2, 250000);

-- --------------------------------------------------------

-- 
-- Table structure for table `orders`
-- 

CREATE TABLE `orders` (
  `OrdID` int(11) NOT NULL auto_increment,
  `Date` date NOT NULL,
  `OrdStatus` tinyint(4) NOT NULL,
  `OrdShipDate` date default NULL,
  `OrdName` varchar(50) NOT NULL,
  `OrdAdd` varchar(50) NOT NULL,
  `OrdPhone` varchar(25) NOT NULL,
  `PayID` int(11) NOT NULL,
  `CusID` int(11) NOT NULL,
  PRIMARY KEY  (`OrdID`)
) ENGINE=MyISAM  DEFAULT CHARSET=utf8 AUTO_INCREMENT=113 ;

-- 
-- Dumping data for table `orders`
-- 

INSERT INTO `orders` VALUES (100, '2011-03-11', 0, '2011-03-26', 'Nguyen Van Long', 'Dinh Cong', '0982123654', 2, 18);
INSERT INTO `orders` VALUES (101, '2011-03-11', 0, '2011-03-12', 'Nguyen Van Long', 'Ha Noi', '01656093818', 2, 17);
INSERT INTO `orders` VALUES (102, '2011-03-11', 0, '2011-03-12', 'Nguyễn Ngọc Lan', 'Hà Nội', '0985695186', 1, 17);
INSERT INTO `orders` VALUES (103, '2011-03-11', 0, '2011-03-25', 'Hoàng Trung Kính', 'HBT', '01656039181', 2, 17);
INSERT INTO `orders` VALUES (104, '2011-03-12', 0, '2011-03-13', 'Nguyen Van Long', 'HN', '01656039181', 1, 17);
INSERT INTO `orders` VALUES (105, '2011-03-12', 0, '2011-03-12', 'Nguyễn Văn Long', 'Vương Thừa Vũ', '0982311916', 2, 19);
INSERT INTO `orders` VALUES (106, '2011-11-02', 0, '2011-11-18', 'Phạm Hồng Hải', 'Gia Lâm -   HN', '0982345678', 2, 18);
INSERT INTO `orders` VALUES (107, '2011-11-03', 1, '2011-11-11', 'Phạm Văn Khương', 'ĐỊnh Công - HN', '0982123456', 2, 18);
INSERT INTO `orders` VALUES (108, '2011-11-03', 1, '2011-11-12', 'Khuong', 'ĐỊnh Công - HN', '0987654321', 2, 18);
INSERT INTO `orders` VALUES (109, '2011-11-11', 1, '0000-00-00', '', '', '', 2, 18);
INSERT INTO `orders` VALUES (110, '2011-11-11', 1, '2011-11-12', '', '', '', 2, 18);
INSERT INTO `orders` VALUES (111, '2011-11-11', 1, '0000-00-00', '', '', '', 2, 18);
INSERT INTO `orders` VALUES (112, '2011-11-14', 1, '2011-11-19', '', '', '', 2, 18);

-- --------------------------------------------------------

-- 
-- Table structure for table `payment`
-- 

CREATE TABLE `payment` (
  `PayID` int(11) NOT NULL auto_increment,
  `PayType` varchar(25) NOT NULL,
  PRIMARY KEY  (`PayID`)
) ENGINE=MyISAM  DEFAULT CHARSET=utf8 AUTO_INCREMENT=3 ;

-- 
-- Dumping data for table `payment`
-- 

INSERT INTO `payment` VALUES (1, 'Credist_Card');
INSERT INTO `payment` VALUES (2, 'Tiền mặt');

-- --------------------------------------------------------

-- 
-- Table structure for table `product`
-- 

CREATE TABLE `product` (
  `ProID` int(11) NOT NULL auto_increment,
  `ProName` varchar(30) NOT NULL,
  `ProDesc` varchar(255) NOT NULL,
  `ProDate` date NOT NULL,
  `ProQty` int(11) NOT NULL,
  `ProPrice` float NOT NULL,
  `ProImage` varchar(200) NOT NULL,
  `ProWarranty` tinyint(4) NOT NULL,
  `ProStatus` tinyint(4) NOT NULL,
  `CateID` int(11) NOT NULL,
  PRIMARY KEY  (`ProID`)
) ENGINE=MyISAM  DEFAULT CHARSET=utf8 AUTO_INCREMENT=58 ;

-- 
-- Dumping data for table `product`
-- 

INSERT INTO `product` VALUES (24, 'Đêm tình nhân', 'Mong các bạn sẽ có những phút giây hạnh phúc. An toàn từng nhịp yêu.', '2011-03-07', 4, 500000, 'bakery 12.png', 2, 1, 7);
INSERT INTO `product` VALUES (25, 'Giai nhân', 'Còn gì tuyệt vời hơn là những giây phút hạnh phúc kèm theo hương vị ngọt  ngào của từng miếng bánh. ', '2011-03-08', 4, 750000, 'bakery 11.png', 5, 1, 7);
INSERT INTO `product` VALUES (26, 'Uyên ương', 'Sẽ mãi là những phút giây tuyệt vời nhất bên nhau.', '2011-03-08', 4, 500000, 'bakery 05.png', 5, 1, 7);
INSERT INTO `product` VALUES (27, 'Bài tình ca cho giai nhân', 'Hãy thưởng thức và cảm nhận.', '2011-03-08', 4, 1e+006, 'bakery 16.png', 3, 1, 7);
INSERT INTO `product` VALUES (28, 'Full House', 'Hãy thưởng thức và cảm nhận', '2011-03-08', 4, 350000, 'bakery 09.png', 5, 1, 7);
INSERT INTO `product` VALUES (29, 'Sinh nhật đầu tiên', 'Hãy thưởng thức và cảm nhận.', '2011-03-08', 3, 200000, 'bakery 74.png', 4, 0, 8);
INSERT INTO `product` VALUES (30, 'Trọn vẹn', 'Hãy thưởng thức và cảm nhận.', '2011-03-07', 4, 345000, 'bakery 65.png', 3, 1, 8);
INSERT INTO `product` VALUES (31, 'Just Smile', 'Have join !', '2011-03-07', 5, 50000, 'bakery 46.png', 3, 1, 9);
INSERT INTO `product` VALUES (32, 'Can U feel it !', 'Have join !', '2011-03-07', 4, 50000, 'bakery 37.png', 3, 1, 9);
INSERT INTO `product` VALUES (33, 'Giấc mộng hè', 'Hãy thưởng thức và cảm nhận ', '2011-03-12', 3, 500000, 'bakery 52.png', 2, 1, 8);
INSERT INTO `product` VALUES (34, 'A little cake', 'Mỗi chiếc bánh đều chứa đựng trong nó một điều bí mật nho nhỏ, bạn hãy tự tìm hiểu nha ;)', '2011-03-13', 12, 35000, 'bakery 17.png', 7, 1, 11);
INSERT INTO `product` VALUES (35, 'Something special', 'Những bí mật nho nhỏ sẽ hé lộ khi bạn thưởng thức chúng !', '2011-03-15', 7, 50000, 'bakery 19.png', 5, 1, 11);
INSERT INTO `product` VALUES (36, 'O.M.G', 'Đó là điều bạn sẽ phải thốt lên khi lần đầu thưởng thức hương vị của nó :D', '2011-03-17', 20, 45000, 'bakery 32.png', 3, 1, 11);
INSERT INTO `product` VALUES (37, 'The Moon', 'Just Smile when eat it !', '2011-03-13', 45, 12500, 'bakery 22.png', 5, 1, 11);
INSERT INTO `product` VALUES (38, '♫The music ♪', 'Save the last dance for me ;)', '2011-03-19', 25, 45000, 'bakery 42.png', 3, 1, 9);
INSERT INTO `product` VALUES (39, 'Bánh ngọt tình nhân', 'That''s all U need for your wedding ', '2011-03-13', 5, 200000, 'bakery 15.png', 2, 1, 7);
INSERT INTO `product` VALUES (40, 'HappyBirth day to U ♫', 'U eat, U smile and U feel everything is better ♪', '2011-03-13', 3, 175000, 'bakery 80.png', 3, 1, 8);
INSERT INTO `product` VALUES (41, 'Smile with me', 'Best wish for U  ', '2011-03-17', 2, 250000, 'bakery 36.png', 3, 1, 8);
INSERT INTO `product` VALUES (42, 'Lời chưa nói ', 'Hãy để cho chúng tôi nói hộ bạn những điều chưa bao giờ thổ lộ.', '2011-03-13', 4, 355000, 'bakery 49.png', 3, 1, 10);
INSERT INTO `product` VALUES (43, 'Ước ...', 'Đã bao giờ bạn ước thời gian sẽ quay trở lại, tôi chắc là có và tôi tin khi thưởng thức chiếc bánh này bạn cũng sẽ phải thốt lên điều ấy một lần nữa.', '2011-03-15', 3, 157500, 'bakery 58.png', 2, 1, 10);
INSERT INTO `product` VALUES (44, 'Perfect Couple', 'Một cho bạn, một cho người đặc biệt đó, thế là đủ phải không nào ...', '2011-03-12', 12, 75000, 'bakery 51.png', 5, 1, 10);
INSERT INTO `product` VALUES (45, 'For your first ', 'Tròn 1 tuổi luôn là một thời khắc quan trọng phải không nào, hãy cũng làm cho ngày ấy trở nên tuyệt vời hơn nhé.', '2011-03-13', 1, 150000, 'bakery 62.png', 2, 1, 8);
INSERT INTO `product` VALUES (46, 'Ding .. ding .. dong', 'Cùng ca vang khúc hát mừng sinh nhật dành cho bé yêu nào ..', '2011-03-12', 1, 250000, 'bakery 79.png', 2, 1, 8);
INSERT INTO `product` VALUES (47, 'Cười lên nào ', 'Bạn mà không cười là mình buồn lắm ah nha ;)', '2011-03-12', 15, 68000, 'bakery 75.png', 3, 1, 9);
INSERT INTO `product` VALUES (48, 'Smily', 'That''s all U need', '2011-03-16', 15, 45000, 'bakery 41.png', 3, 1, 9);
INSERT INTO `product` VALUES (49, 'Life is so short', 'Cười thật nhiều bạn nhé, để mỗi ngày đều là một ngày vui ', '2011-03-15', 9, 53000, 'bakery 24.png', 6, 1, 9);
INSERT INTO `product` VALUES (50, 'Smile''s Day', 'Nothing is impossible', '2011-03-16', 12, 37500, 'bakery 31.png', 5, 1, 9);
INSERT INTO `product` VALUES (51, 'Normal but not normal', 'Bạn nghĩ nó bình thường sao , hãy thưởng thức nhé, mình tin bạn sẽ phải nghĩ lại ', '2011-03-13', 10, 75000, 'bakery 30.png', 5, 1, 11);
INSERT INTO `product` VALUES (52, 'Anti Mage', 'Make U feel better', '2011-03-15', 5, 35000, 'bakery 26.png', 3, 1, 11);
INSERT INTO `product` VALUES (53, 'Razorr', 'Just do it !', '2011-03-16', 3, 17500, 'bakery 23.png', 5, 1, 11);
INSERT INTO `product` VALUES (54, 'Best for Your Day', 'Hãy để chúng tôi làm cho ngày vui của bạn thêm phần ý nghĩa nhé ,', '2011-03-17', 3, 850000, 'bakery 04.png', 3, 1, 7);
INSERT INTO `product` VALUES (55, 'Storm Spirit', 'Have Fun ^^', '2011-03-15', 3, 325000, 'bakery 18.png', 5, 1, 10);
INSERT INTO `product` VALUES (57, 'Skulls', 'Bạn có đủ dũng cảm để thử', '2011-03-13', 5, 75000, 'bakery 35.png', 5, 1, 10);

-- --------------------------------------------------------

-- 
-- Table structure for table `promotion`
-- 

CREATE TABLE `promotion` (
  `PromoID` int(11) NOT NULL auto_increment,
  `PromoTitle` varchar(200) NOT NULL,
  `PromoNote` varchar(500) NOT NULL,
  `PromoIcon` varchar(100) NOT NULL,
  `PromoContent` varchar(500) NOT NULL,
  `PromoStatus` tinyint(4) NOT NULL default '1',
  PRIMARY KEY  (`PromoID`)
) ENGINE=MyISAM  DEFAULT CHARSET=utf8 AUTO_INCREMENT=11 ;

-- 
-- Dumping data for table `promotion`
-- 

INSERT INTO `promotion` VALUES (6, 'Chào mừng Quốc Tế Phụ Nữ', 'Chúng mình tiếp tục cập nhật những xì tai đón mùa đông trên thế giới nhé!', 'boeum1280910846.jpg', '<p>\r\n	Nh&acirc;n dịp ch&agrave;o mừng ng&agrave;y Quốc Tế Phụ Nữ mừng 8-3. Cửa hiệu ch&uacute;ng tối giảm gi&aacute; 10% cho tất cả c&aacute;c mặt h&agrave;ng. Miễn ph&iacute; tiền vận chuyển sản phẩm đối với c&aacute;c địa chỉ nằm trong b&aacute;n k&iacute;nh 10km từ trung t&acirc;m th&agrave;nh phố H&agrave; Nội</p>\r\n', 1);
INSERT INTO `promotion` VALUES (7, 'Khuyến mãi hàng tháng', 'Chúng mình tiếp tục cập nhật những xì tai đón mùa đông trên thế giới nhé!', '1.png', '<p>\r\n	<img alt="" src="http://localhost:8888/Project-C1007M-Nhom2/upload/data/user1208939_pic936819_1298685811.jpg " style="width: 220px; height: 220px; float: left;" /> V&agrave;o mỗi ng&agrave;y 17 h&agrave;ng th&aacute;ng, website giảm gi&aacute; 20% cho tất cả c&aacute;c h&oacute;a đơn c&oacute; mệnh gi&aacute; thanh to&aacute;n lớn hơn 500.000 VND. Đối với c&aacute;c h&oacute;a đơn c&oacute; mệnh gi&aacute; từ 100.000- 500.000 sẽ được tặng th&ecirc;m một sản phẩm ngẫu nhi&ecirc;n.</p>\r\n', 1);
